userid,surname,firstname,emailAddress,type,phone,password,yob,gender,approved
1,Joe,Dundrum,jd@dd.ie,Administrator,01 299 1700,111111,1980,Male,TRUE
2,Joe,Clarke,jc@dd.ie,Retailer,01 296 3097,222222,1970,Male,FALSE
3,Joe,Argos,ja@dd.ie,Retailer,01 207 9220,222222,1965,Male,FALSE
4,Jane,Movies,js@dd.ie,Retailer,01 215 6000,2,1985,Female,TRUE
5,Cahill,Cathleen,Cathleen.Cahill@blogs.com,Mobile,351-(715)140-0397,333333,2000,Female,TRUE
6,Mulvey,Cian,Cian.Mulvey@hatena.ne.jp,Mobile,48-(240)519-9459,333333,1990,Male,TRUE
7,Driscoll,Devyn,Devyn.Driscoll@businessweek.com,Mobile,63-(404)343-0241,333333,1995,Male,TRUE
8,Lennon,Odessa,Odessa.Lennon@samsung.com,Mobile,58-(944)823-2911,333333,2001,Female,TRUE
9,McGee,Brea,Brea.McGee@chron.com,Mobile,55-(326)194-4872,333333,1985,Female,TRUE
10,McKillop,Odette,Odette.McKillop@github.io,Mobile,33-(124)475-5100,333333,1960,Female,TRUE
11,Kinsella,Odelia,Odelia.Kinsella@indiegogo.com,Mobile,48-(280)142-4010,333333,1999,Female,TRUE
12,Mannion,Obadiah,Obadiah.Mannion@princeton.edu,Mobile,7-(986)976-9184,333333,1988,Male,TRUE
13,Geoghegan,Casey,Casey.Geoghegan@marriott.com,Mobile,420-(236)256-8915,333333,1991,Male,TRUE
14,Caffrey,Dermot,Dermot.Caffrey@amazonaws.com,Mobile,46-(608)289-1216,333333,1993,Male,TRUE
15,Keating,Calhoun,Calhoun.Keating@yahoo.co.jp,Mobile,234-(941)314-1254,rZ8P29J,1944,Male,TRUE
16,Deegan,Cierra,Cierra.Deegan@blogtalkradio.com,Mobile,51-(198)772-2084,zwPEmGBN,1942,Female,TRUE
17,O'Neill,Oceana,Oceana.O'Neill@admin.ch,Mobile,86-(383)850-4542,PzwgzSKSR1Q,1981,Female,TRUE
18,McNulty,Doreen,Doreen.McNulty@paypal.com,Mobile,86-(448)777-2913,70Qg75,1989,Female,TRUE
19,Tierney,Oceana,Oceana.Tierney@rakuten.co.jp,Mobile,7-(439)766-3364,OtZi4h,1949,Female,TRUE
20,Coy,Aislinn,Aislinn.Coy@bbb.org,Mobile,86-(358)541-3805,i65llYPXo,2004,Female,TRUE
21,McNulty,Brady,Brady.McNulty@woothemes.com,Mobile,972-(328)844-6707,FfImfVHQ,2000,Male,TRUE
22,Hanna,Bryden,Bryden.Hanna@typepad.com,Mobile,33-(323)640-9646,xSE2C6bjf1Wl,1991,Male,TRUE
23,Ennis,Ciara,Ciara.Ennis@myspace.com,Mobile,380-(242)311-3849,LVn8Rs,1974,Female,TRUE
24,Kinsella,Bridget,Bridget.Kinsella@alexa.com,Mobile,62-(392)170-4063,7QnAiVxo,1982,Male,TRUE
25,Phelan,Assumpta,Assumpta.Phelan@gravatar.com,Mobile,420-(171)404-4028,HnDPWMDI,1998,Male,TRUE
26,Corcoran,Odina,Odina.Corcoran@ustream.tv,Mobile,86-(703)630-2422,skbGzk,2002,Male,TRUE
27,Morrow,Ogden,Ogden.Morrow@cbsnews.com,Mobile,60-(214)924-3926,8jc1rhokt,1970,Male,TRUE
28,Hynes,Odele,Odele.Hynes@de.vu,Mobile,971-(523)568-1695,APYzVL6K,1961,Male,TRUE
29,Fanning,Devyn,Devyn.Fanning@51.la,Mobile,62-(335)393-8463,yJPAyvc72,1944,Female,TRUE
30,Dornan,Obadiah,Obadiah.Dornan@yellowbook.com,Mobile,86-(715)504-7809,BiywE4gGLK,1949,Female,TRUE
31,Gilfillan,Darcy Darragh,Darcy Darragh.Gilfillan@networksolutions.com,Mobile,62-(342)987-7204,7kiqvEv,1991,Female,TRUE
32,Lemon,Obijulu,Obijulu.Lemon@unesco.org,Mobile,63-(331)901-7305,xQrsvx9DyM,1968,Female,TRUE
33,Bergin,Oceana,Oceana.Bergin@blogtalkradio.com,Mobile,387-(775)943-7952,YJsZtsjKZ,1981,Female,TRUE
34,Neill,Cassidy,Cassidy.Neill@theatlantic.com,Mobile,351-(131)664-1204,9IYV1MerEjfI,1951,Female,TRUE
35,Neill,Daire,Daire.Neill@facebook.com,Mobile,27-(689)269-4997,5eQbez3Y9q,1966,Female,TRUE
36,Tweed,Oksana,Oksana.Tweed@yahoo.co.jp,Mobile,20-(533)163-9700,scnvPGq,1989,Male,TRUE
37,Lydon,Odina,Odina.Lydon@salon.com,Mobile,254-(544)188-2719,7n9lvTbH,1942,Female,TRUE
38,Grady,Eamon,Eamon.Grady@salon.com,Mobile,33-(358)949-1697,zeuhO466,1966,Male,TRUE
39,Lydon,Brogan,Brogan.Lydon@gnu.org,Mobile,351-(824)310-6843,6aRaz6Q8M6tI,1998,Male,TRUE
40,Hennessy,Octavia,Octavia.Hennessy@nba.com,Mobile,46-(294)356-2706,Jmm2Z8i4j,1963,Female,TRUE
41,Magill,Beckett,Beckett.Magill@ca.gov,Mobile,62-(944)541-4375,DZ1yDm,1994,Female,TRUE
42,Cavanagh,Eibhlín,Eibhlín.Cavanagh@craigslist.org,Mobile,86-(573)570-0530,u0Sa6WIe,1962,Female,TRUE
43,Dougan,Brianna,Brianna.Dougan@blinklist.com,Mobile,86-(491)742-7735,YCTExCFaF,1954,Male,TRUE
44,Rafferty,Bryden,Bryden.Rafferty@indiatimes.com,Mobile,351-(398)322-9976,L7bRB8L,2002,Female,TRUE
45,Gilchrist,Declan,Declan.Gilchrist@so-net.ne.jp,Mobile,54-(228)632-3890,v7HgszAix,2003,Male,TRUE
46,Bergin,Ashlynn,Ashlynn.Bergin@flickr.com,Mobile,55-(263)499-0053,7FWM8K37WE,1957,Male,TRUE
47,McCracken,Obijulu,Obijulu.McCracken@symantec.com,Mobile,86-(527)399-2008,96aUoNOcQpo,2000,Female,TRUE
48,McParland,Corey,Corey.McParland@java.com,Mobile,63-(129)953-1788,uQ15wrFz7D,1954,Female,TRUE
49,Fitzsimmons,Bryden,Bryden.Fitzsimmons@bbc.co.uk,Mobile,48-(242)319-0448,cFwXtu5JDal,1992,Female,TRUE
50,Neeson,Oceana,Oceana.Neeson@yale.edu,Mobile,51-(159)149-5759,kcVnGR3vjc6z,1959,Male,TRUE
51,Hamill,Obadiah,Obadiah.Hamill@washingtonpost.com,Mobile,54-(264)636-6983,wnId5KOk,1943,Female,TRUE
52,McKillop,Octave,Octave.McKillop@mtv.com,Mobile,357-(431)339-8401,1xFzDrwOCdSr,1996,Male,TRUE
53,Lavery,Odina,Odina.Lavery@lycos.com,Mobile,43-(818)696-1844,TRVcAzaq,1994,Male,TRUE
54,Lambe,Cian,Cian.Lambe@prlog.org,Mobile,63-(682)827-8295,v7JYj0SiQG4z,1996,Female,TRUE
55,Toomey,Ciaran,Ciaran.Toomey@blogtalkradio.com,Mobile,86-(956)223-9569,Qu9a2a,1984,Female,TRUE
56,O'Neill,Brady,Brady.O'Neill@accuweather.com,Mobile,44-(856)256-2937,MiQGYQGdd8mP,2000,Female,TRUE
57,Aiken,Cierra,Cierra.Aiken@mayoclinic.com,Mobile,84-(931)714-4892,QJY03kZd,1964,Female,TRUE
58,McNulty,Eagan,Eagan.McNulty@hud.gov,Mobile,57-(283)379-0363,yqkXWtvG,1961,Female,TRUE
59,Fay,Cathleen,Cathleen.Fay@apache.org,Mobile,62-(282)627-5346,PSTtdz,1941,Male,TRUE
60,Brannan,Cian,Cian.Brannan@cnet.com,Mobile,63-(775)607-6032,yoWOqr4vX,1984,Male,TRUE
61,Hanna,Darby,Darby.Hanna@uol.com.br,Mobile,66-(375)933-0648,17AdSJTD,1955,Female,TRUE
62,Dougan,Odette,Odette.Dougan@wp.com,Mobile,58-(567)323-3694,bBy8ppqhb,1967,Female,TRUE
63,O'Donnell,Brogan,Brogan.O'Donnell@squidoo.com,Mobile,385-(486)885-6902,evQGwhSF,1956,Male,TRUE
64,Connors,Colleen,Colleen.Connors@cafepress.com,Mobile,359-(928)763-2929,hQhRZ0AQ,1954,Male,TRUE
65,McClean,Odessa,Odessa.McClean@mozilla.org,Mobile,86-(817)619-7727,kUNMcgdi0W,1993,Female,TRUE
66,McMenamin,Bryden,Bryden.McMenamin@independent.co.uk,Mobile,62-(860)325-9294,Oj6rAS,1962,Female,TRUE
67,Keane,Coby,Coby.Keane@storify.com,Mobile,86-(113)205-9714,RvG5Ho,2000,Female,TRUE
68,McDonagh,Daire,Daire.McDonagh@wsj.com,Mobile,1-(317)248-9550,IjxFtR94EtZW,1951,Female,TRUE
69,Corcoran,Ciara,Ciara.Corcoran@trellian.com,Mobile,1-(501)735-8712,bzn2m8gDJZsD,1990,Male,TRUE
70,Rainey,Obed,Obed.Rainey@last.fm,Mobile,84-(578)725-9802,xGY8W2,1987,Male,TRUE
71,Hoy,Odele,Odele.Hoy@163.com,Mobile,86-(923)197-2199,YD3ZQbC,1980,Female,TRUE
72,McAleese,Delaney,Delaney.McAleese@cmu.edu,Mobile,1-(682)615-3703,i44FbBfKvC0,1942,Male,TRUE
73,McKillop,Ciaran,Ciaran.McKillop@guardian.co.uk,Mobile,86-(630)589-6915,3mB3hjbDpYOT,1982,Male,TRUE
74,McNulty,Oceana,Oceana.McNulty@google.com.hk,Mobile,48-(260)519-0081,y2L5jRgP,2004,Male,TRUE
75,Keating,Cagney,Cagney.Keating@acquirethisname.com,Mobile,86-(849)982-5484,NdcJfAl2s,2004,Male,TRUE
76,Finlay,Cierra,Cierra.Finlay@a8.net,Mobile,81-(454)440-3630,kVgslLUsN,2005,Female,TRUE
77,Sheehan,Odile,Odile.Sheehan@google.com.br,Mobile,30-(232)203-5095,dFoLRTd,1947,Male,TRUE
78,Kearney,Dwayne,Dwayne.Kearney@networksolutions.com,Mobile,996-(434)464-8777,Pe4WX5,1980,Female,TRUE
79,Duddy,Oceana,Oceana.Duddy@aboutads.info,Mobile,55-(893)960-0896,3pcRFX,1996,Female,TRUE
80,McMullen,Barry,Barry.McMullen@ucsd.edu,Mobile,86-(670)101-0594,FEReT8QzZRN,1952,Male,TRUE
81,McNulty,Deidre,Deidre.McNulty@myspace.com,Mobile,27-(998)274-0038,L9xv01Hv2Z,2004,Male,TRUE
82,Quigley,Brogan,Brogan.Quigley@facebook.com,Mobile,86-(679)591-3882,Pqzqmv3,1978,Female,TRUE
83,McColgan,Deidre,Deidre.McColgan@surveymonkey.com,Mobile,86-(115)658-0939,5a3Hz6rPgl4p,1977,Female,TRUE
84,McCartney,Clancy,Clancy.McCartney@cbc.ca,Mobile,30-(612)788-9026,6JOY4Dm7gz,1963,Male,TRUE
85,Carney,Dempsey,Dempsey.Carney@google.cn,Mobile,63-(167)226-6584,SF1vSKklr0bX,1966,Female,TRUE
86,Grady,Dermot,Dermot.Grady@phoca.cz,Mobile,55-(931)662-3294,rRBUvvnkHr5,1992,Male,TRUE
87,Kerrigan,Ashlynn,Ashlynn.Kerrigan@posterous.com,Mobile,62-(323)925-4959,J1Ww3TNRwmQ,1988,Male,TRUE
88,Mulligan,Connor,Connor.Mulligan@cnn.com,Mobile,7-(911)360-3691,c8cJSKv4aW,1944,Female,TRUE
89,Crilly,Oda,Oda.Crilly@altervista.org,Mobile,27-(540)318-0486,py7jdw4H,1954,Male,TRUE
90,Crooks,Odile,Odile.Crooks@wp.com,Mobile,86-(964)197-0802,4UDVJfJS,1959,Female,TRUE
91,McGlone,Eamon,Eamon.McGlone@pagesperso-orange.fr,Mobile,351-(276)969-9258,0Za2Xa,1962,Female,TRUE
92,McCloskey,Dermot,Dermot.McCloskey@etsy.com,Mobile,86-(127)695-3863,TWi0XI1,1984,Male,TRUE
93,McAuley,Oceana,Oceana.McAuley@dedecms.com,Mobile,1-(233)123-9534,FIm8zI,1954,Male,TRUE
94,Fay,Assumpta,Assumpta.Fay@drupal.org,Mobile,7-(913)668-1598,Ij6Du5,1993,Female,TRUE
95,Riordan,Oisin,Oisin.Riordan@163.com,Mobile,36-(239)828-6330,DSWXcPT,1944,Male,TRUE
96,McDowell,Colleen,Colleen.McDowell@nytimes.com,Mobile,356-(776)112-8756,PnXaAbss2,1997,Female,TRUE
97,McMullan,Connell,Connell.McMullan@pagesperso-orange.fr,Mobile,7-(479)874-5727,XBHerPrYWC,1976,Female,TRUE
98,Sheehan,Odyssey,Odyssey.Sheehan@yale.edu,Mobile,86-(419)406-2172,wbo3EP2,1984,Male,TRUE
99,Fee,Casey,Casey.Fee@un.org,Mobile,51-(831)116-3417,DvCwTtz5Q,1972,Male,TRUE
100,McFall,Ailbhe,Ailbhe.McFall@clickbank.net,Mobile,420-(170)767-0830,B7hroHfqU,1965,Female,TRUE
101,Mahoney,Obadiah,Obadiah.Mahoney@twitpic.com,Mobile,420-(319)741-6485,s0KEuwc,1952,Male,TRUE
102,Mahoney,Obadiah,Obadiah.Mahoney@ning.com,Mobile,63-(558)532-5829,dyKGTVAr,2000,Male,TRUE
103,McKinney,Brianna,Brianna.McKinney@ted.com,Mobile,86-(811)530-6181,pT9mz4P0HDsT,2003,Female,TRUE
104,Mulholland,Calhoun,Calhoun.Mulholland@mlb.com,Mobile,504-(291)753-6008,hnrieZN,1991,Male,TRUE
105,McHale,Odessa,Odessa.McHale@tripod.com,Mobile,63-(517)367-6116,xeYtHz52W,1971,Female,TRUE
106,Hanna,Casey,Casey.Hanna@jimdo.com,Mobile,502-(830)221-0033,8NQX8bMPOgGK,1995,Female,TRUE
107,Hennessy,Oberon,Oberon.Hennessy@livejournal.com,Mobile,86-(926)477-9233,TSG1BPn,1950,Female,TRUE
108,Morrissey,Beckett,Beckett.Morrissey@accuweather.com,Mobile,86-(222)385-3376,UVSCiWv7L,1984,Female,TRUE
109,Hoy,Brianna,Brianna.Hoy@usa.gov,Mobile,49-(372)720-4065,Uw58z7CS,1966,Female,TRUE
110,Hannigan,Deidre,Deidre.Hannigan@ibm.com,Mobile,86-(717)705-5595,5avLashHXa3,1983,Female,TRUE
111,Hamill,Oisin,Oisin.Hamill@tuttocitta.it,Mobile,7-(258)585-1061,yYrNNHPu66M,1985,Female,TRUE
112,McAuley,Declan,Declan.McAuley@multiply.com,Mobile,48-(578)375-5273,wFpByn14,1964,Male,TRUE
113,Mannion,Eamon,Eamon.Mannion@xing.com,Mobile,62-(923)601-3982,w72ejemlO,1989,Female,TRUE
114,Brannan,Doyle,Doyle.Brannan@cnet.com,Mobile,33-(310)331-7984,86fQ6ZAXs,1943,Female,TRUE
115,McNulty,Desmond,Desmond.McNulty@intel.com,Mobile,48-(146)524-8901,ljnEjzpoXx,1997,Female,TRUE
116,McHale,Octave,Octave.McHale@economist.com,Mobile,62-(408)204-2495,NqmiLCtwSHt,1967,Female,TRUE
117,McMullen,Odelia,Odelia.McMullen@yellowpages.com,Mobile,52-(836)232-8564,r6Z8BWdwqFB,1965,Female,TRUE
118,Hanrahan,Eoghan Oakley,Eoghan Oakley.Hanrahan@dailymotion.com,Mobile,86-(633)335-9133,0wvFfwmE7QC,2001,Male,TRUE
119,Morrow,Aislinn,Aislinn.Morrow@theatlantic.com,Mobile,223-(409)102-7479,XtqlQKlrP8gi,1965,Male,TRUE
120,Rainey,Obijulu,Obijulu.Rainey@stumbleupon.com,Mobile,63-(380)401-8698,1cWCuUSK,1955,Male,TRUE
121,Grogan,Cierra,Cierra.Grogan@fotki.com,Mobile,46-(514)735-8637,fCMm3AGq,1990,Female,TRUE
122,Phelan,Eagan,Eagan.Phelan@woothemes.com,Mobile,30-(285)288-6906,Oi12Z0,1989,Female,TRUE
123,Cash,Oberon,Oberon.Cash@zimbio.com,Mobile,86-(816)483-6541,sWfi64PI8RTQ,1983,Female,TRUE
124,Harte,Clodagh,Clodagh.Harte@a8.net,Mobile,31-(280)422-5008,mu0DroQnq,1970,Female,TRUE
125,Bergin,Ciara,Ciara.Bergin@fc2.com,Mobile,62-(889)437-9417,twnrXN9I5,1948,Male,TRUE
126,Mullan,Darcy Darragh,Darcy Darragh.Mullan@ocn.ne.jp,Mobile,54-(265)764-1533,x2XPnklvf6Md,1956,Male,TRUE
127,Carrigan,Brianna,Brianna.Carrigan@yellowpages.com,Mobile,62-(997)439-5333,lTudb4,1959,Male,TRUE
128,Kearney,Eoghan Oakley,Eoghan Oakley.Kearney@bloglines.com,Mobile,351-(647)176-3974,3AgNmMiXFy,2002,Male,TRUE
129,Duddy,Obed,Obed.Duddy@tripadvisor.com,Mobile,47-(643)733-6226,LF2Nbqag1,1952,Male,TRUE
130,McGee,Calhoun,Calhoun.McGee@virginia.edu,Mobile,86-(935)936-1735,i0zxWEp,1943,Female,TRUE
131,Morrissey,Odette,Odette.Morrissey@sciencedaily.com,Mobile,63-(614)687-6797,vr4xUabnY,1962,Male,TRUE
132,Flood,Connor,Connor.Flood@hhs.gov,Mobile,55-(459)377-9018,jDg7SvWAnX,2000,Female,TRUE
133,Maloney,Oksana,Oksana.Maloney@ask.com,Mobile,352-(475)549-3451,wQFpBsAOcz,1994,Female,TRUE
134,Kearney,Deidre,Deidre.Kearney@ocn.ne.jp,Mobile,86-(301)104-5780,ZLcbeJgKg,1984,Male,TRUE
135,Dornan,Aislinn,Aislinn.Dornan@ow.ly,Mobile,55-(819)659-0100,BDdvYeT,1964,Female,TRUE
136,O'Brien,Connell,Connell.O'Brien@ameblo.jp,Mobile,850-(372)554-1713,B0B3pWYGtxaW,1997,Male,TRUE
137,McEvoy,Doyle,Doyle.McEvoy@globo.com,Mobile,358-(646)473-2765,4PI6Nc2c,1983,Male,TRUE
138,Scullion,Brianna,Brianna.Scullion@mail.ru,Mobile,46-(267)680-4327,oHGeQPtbJrQQ,1986,Male,TRUE
139,Mahoney,Assumpta,Assumpta.Mahoney@apache.org,Mobile,63-(913)995-3503,qwwIzS9pQCu,2002,Female,TRUE
140,Garvey,Bridget,Bridget.Garvey@wikipedia.org,Mobile,27-(200)600-4031,qz7ZLam,1979,Female,TRUE
141,McSweeney,Odile,Odile.McSweeney@springer.com,Mobile,63-(598)722-9313,QjB5EV6fk,2005,Female,TRUE
142,O'Neill,Eibhlín,Eibhlín.O'Neill@virginia.edu,Mobile,62-(999)783-2104,LPFi8hoKOK,1957,Female,TRUE
143,Magill,Aislinn,Aislinn.Magill@harvard.edu,Mobile,86-(133)692-2013,Fnp6fT,1944,Female,TRUE
144,Lemon,Devyn,Devyn.Lemon@infoseek.co.jp,Mobile,31-(900)353-8051,RDAlItDkG8KL,1948,Male,TRUE
145,Bergin,Delaney,Delaney.Bergin@who.int,Mobile,63-(474)182-1891,rh3VI4,1949,Female,TRUE
146,Cavanagh,Art,Art.Cavanagh@mapquest.com,Mobile,55-(552)449-5282,UTzaPeUs,1977,Male,TRUE
147,Carrigan,Art,Art.Carrigan@hp.com,Mobile,86-(973)981-4800,D5YeTo0Rtb,1942,Female,TRUE
148,Brannan,Oda,Oda.Brannan@taobao.com,Mobile,62-(413)955-0135,HjN1gmYJO0G,1947,Male,TRUE
149,Dougan,Obadiah,Obadiah.Dougan@mashable.com,Mobile,86-(387)524-4539,pp2nW7uoY,1956,Female,TRUE
150,Cavanagh,Dacey,Dacey.Cavanagh@fc2.com,Mobile,86-(615)878-5048,sDtx33ZdH8Q,1949,Female,TRUE
151,McQuillan,Cassidy,Cassidy.McQuillan@cbsnews.com,Mobile,33-(482)645-7229,4ELJ6pHC,1949,Female,TRUE
152,Ahern,Clancy,Clancy.Ahern@dion.ne.jp,Mobile,63-(726)533-3593,dxqsb2P,2002,Female,TRUE
153,Stack,Coby,Coby.Stack@netvibes.com,Mobile,86-(742)706-6217,Ixt61dfJkc,1948,Male,TRUE
154,McCartan,Clodagh,Clodagh.McCartan@instagram.com,Mobile,63-(246)770-2000,3gBG3s8RhX8,1999,Male,TRUE
155,Sheehan,Adyn,Adyn.Sheehan@imdb.com,Mobile,84-(784)513-6861,gmAGGKd8Ot,2002,Female,TRUE
156,Stack,Obed,Obed.Stack@free.fr,Mobile,52-(782)793-0064,kFYWa7kYN,1970,Male,TRUE
157,O'Neill,Bridget,Bridget.O'Neill@dropbox.com,Mobile,86-(922)424-7327,fkTSgjk,2004,Female,TRUE
158,Sheehan,Cathleen,Cathleen.Sheehan@artisteer.com,Mobile,63-(172)599-5821,zGnImTp,1955,Female,TRUE
159,Keys,Beckett,Beckett.Keys@exblog.jp,Mobile,966-(218)439-2437,ZA1Kt82Y,1971,Male,TRUE
160,Hannigan,Coby,Coby.Hannigan@elpais.com,Mobile,86-(826)680-6232,2JdcENInrRT,1970,Female,TRUE
161,O'Neill,Ciaran,Ciaran.O'Neill@chicagotribune.com,Mobile,27-(768)778-9516,x5MysXOQ,1971,Female,TRUE
162,Neeson,Brogan,Brogan.Neeson@i2i.jp,Mobile,39-(178)417-0042,D89zwk,1958,Male,TRUE
163,Fee,Devin,Devin.Fee@newsvine.com,Mobile,46-(242)105-4788,szCmmZCp,1952,Female,TRUE
164,Fay,Cormac,Cormac.Fay@xrea.com,Mobile,86-(581)261-1842,P2BOwjb,1956,Male,TRUE
165,Fay,Art,Art.Fay@si.edu,Mobile,52-(531)767-5300,nogfQNWqL,1960,Female,TRUE
166,Kinsella,Obijulu,Obijulu.Kinsella@hibu.com,Mobile,55-(259)154-4574,fHZxSpy,1986,Male,TRUE
167,Trimble,Desmond,Desmond.Trimble@accuweather.com,Mobile,62-(853)680-0570,BFj9ph4yicj,1980,Male,TRUE
168,McDowell,Adyn,Adyn.McDowell@diigo.com,Mobile,225-(283)378-6088,ROwDelNh,1959,Female,TRUE
169,Tynan,Devin,Devin.Tynan@naver.com,Mobile,234-(633)728-2904,FSAIzp6J,1972,Female,TRUE
170,Quigley,Connell,Connell.Quigley@issuu.com,Mobile,967-(376)204-8850,obKFow,1981,Female,TRUE
171,Mahoney,Octave,Octave.Mahoney@lycos.com,Mobile,998-(927)286-6167,WRl0UV6Cg,1949,Male,TRUE
172,Geoghegan,Eoghan Oakley,Eoghan Oakley.Geoghegan@instagram.com,Mobile,86-(961)913-7798,lwvZLQAUw,1975,Male,TRUE
173,Mulholland,Dempsey,Dempsey.Mulholland@miitbeian.gov.cn,Mobile,976-(303)472-8296,TJT64aNam,1956,Female,TRUE
174,Leahy,Odelia,Odelia.Leahy@youtube.com,Mobile,380-(502)509-3704,C2DL7V,1984,Female,TRUE
175,Clancy,Barry,Barry.Clancy@meetup.com,Mobile,380-(399)483-5341,joKYLJx5,1999,Female,TRUE
176,Mulvey,Obadiah,Obadiah.Mulvey@nydailynews.com,Mobile,355-(908)145-3322,uR2Jd208oNAT,1948,Male,TRUE
177,Corcoran,Elva,Elva.Corcoran@blogs.com,Mobile,53-(373)943-1493,BzSZ3wyk,1968,Female,TRUE
178,Mullan,Obijulu,Obijulu.Mullan@imdb.com,Mobile,56-(847)392-0402,jlInHLr,1965,Female,TRUE
179,Cleary,Doreen,Doreen.Cleary@skype.com,Mobile,66-(478)810-0099,3MlIn4,1972,Male,TRUE
180,McClean,Adyn,Adyn.McClean@amazon.co.uk,Mobile,60-(986)557-8906,2A97A0Hg9q,1942,Female,TRUE
181,McCartney,Colleen,Colleen.McCartney@redcross.org,Mobile,62-(724)234-7575,3xblSt8LFHn,1970,Male,TRUE
182,Quigley,Declan,Declan.Quigley@hp.com,Mobile,30-(814)106-4989,2KAloV28b,1972,Female,TRUE
183,Cronin,Callahan Case,Callahan Case.Cronin@smh.com.au,Mobile,7-(611)949-9832,fUSS4Bxsr,1945,Female,TRUE
184,O'Brien,Eoghan Oakley,Eoghan Oakley.O'Brien@weather.com,Mobile,86-(612)984-5028,ee6YHDdS,1970,Male,TRUE
185,Coy,Eileen,Eileen.Coy@mlb.com,Mobile,48-(867)570-1296,JAZdky,1976,Female,TRUE
186,McColgan,Casey,Casey.McColgan@cisco.com,Mobile,86-(398)259-7143,S6LfM5ut,1997,Female,TRUE
187,Crooks,Callahan Case,Callahan Case.Crooks@hubpages.com,Mobile,86-(805)662-6582,58RsEsDn,1987,Male,TRUE
188,Toner,Elva,Elva.Toner@admin.ch,Mobile,86-(438)871-6558,vSb3rjmM,2001,Male,TRUE
189,Finnegan,Enya,Enya.Finnegan@upenn.edu,Mobile,994-(814)465-0936,z6LK28xJhvc,1960,Male,TRUE
190,Galvin,Ciara,Ciara.Galvin@state.gov,Mobile,62-(654)987-4896,uUlgPqo7,1940,Female,TRUE
191,Toole,Odelia,Odelia.Toole@tinypic.com,Mobile,66-(247)839-8947,CbkFG4Qv7YR,2001,Male,TRUE
192,McQuillan,Daire,Daire.McQuillan@mozilla.com,Mobile,994-(336)864-0792,mkr2HMEj5hb,1997,Female,TRUE
193,Finn,Colleen,Colleen.Finn@wikimedia.org,Mobile,98-(558)744-5405,IEcCU3Cwxnj,1955,Male,TRUE
194,Gilmartin,Odyssey,Odyssey.Gilmartin@topsy.com,Mobile,351-(310)110-7901,FhinqHe,2005,Female,TRUE
195,Flannigan,Elva,Elva.Flannigan@ask.com,Mobile,62-(969)982-6846,9hkMqzI1k,1940,Male,TRUE
196,Corrigan,Octave,Octave.Corrigan@ucsd.edu,Mobile,226-(329)269-8136,7VPH27o,1966,Male,TRUE
197,Lawlor,Cormac,Cormac.Lawlor@blogspot.com,Mobile,86-(635)876-2734,FEFMgTU8UY,1992,Male,TRUE
198,O'Donnell,Ciara,Ciara.O'Donnell@epa.gov,Mobile,389-(667)104-8363,3x0z6J00UEB,1951,Female,TRUE
199,McClean,Calhoun,Calhoun.McClean@auda.org.au,Mobile,375-(852)214-0636,4zbhPLlHS7,1967,Male,TRUE
200,McColgan,Eagan,Eagan.McColgan@delicious.com,Mobile,86-(477)546-3068,ZOV1AU,1988,Male,TRUE
201,McCourt,Barry,Barry.McCourt@prlog.org,Mobile,66-(435)884-8609,6j1uNLQtC3DP,1996,Male,TRUE
202,Bergin,Odina,Odina.Bergin@nationalgeographic.com,Mobile,86-(580)336-1670,Y2UHBx2mwY,1960,Male,TRUE
203,Trimble,Desmond,Desmond.Trimble@gnu.org,Mobile,86-(174)877-3057,r9Uenml,1992,Male,TRUE
204,Tynan,Corey,Corey.Tynan@princeton.edu,Mobile,1-(518)748-8433,mXgEoLOjyD,1985,Male,TRUE
205,McParland,Cagney,Cagney.McParland@bing.com,Mobile,86-(463)233-0936,T9Z4I4mM1Apr,1989,Female,TRUE
206,Toomey,Barry,Barry.Toomey@google.com.hk,Mobile,43-(317)670-0779,LdnD1Qz5psK,1957,Male,TRUE
207,Cleary,Corey,Corey.Cleary@discovery.com,Mobile,1-(576)412-3792,K8For2tq,1967,Male,TRUE
208,Lennon,Darby,Darby.Lennon@senate.gov,Mobile,49-(562)498-8620,JwhW0neIA,1986,Female,TRUE
209,Rainey,Brea,Brea.Rainey@twitpic.com,Mobile,62-(787)421-6103,MuyqI7z,1960,Male,TRUE
210,Carney,Cian,Cian.Carney@forbes.com,Mobile,351-(402)581-9553,HUvnn8,1946,Male,TRUE
211,Fitzsimmons,Cathleen,Cathleen.Fitzsimmons@goo.gl,Mobile,351-(152)235-8379,0B3vZjj,1988,Female,TRUE
212,Morrow,Bannon,Bannon.Morrow@slideshare.net,Mobile,7-(244)723-4880,LQ2ZaPAqIio,2005,Female,TRUE
213,Ahern,Oda,Oda.Ahern@livejournal.com,Mobile,420-(410)891-9033,zTgWgSHKTYf,1979,Female,TRUE
214,Scully,Devin,Devin.Scully@washington.edu,Mobile,420-(975)383-6218,PpSq9F8iYu,1961,Male,TRUE
215,McCartney,Awnan,Awnan.McCartney@unblog.fr,Mobile,98-(820)318-2872,UCGqwGgya,1989,Male,TRUE
216,McNulty,Doreen,Doreen.McNulty@prweb.com,Mobile,86-(227)819-3219,hwhaDoBdN,1977,Male,TRUE
217,McKillop,Cassidy,Cassidy.McKillop@ameblo.jp,Mobile,63-(508)781-9728,71RY42IIXmjo,1942,Female,TRUE
218,Hynes,Obed,Obed.Hynes@drupal.org,Mobile,351-(454)230-3914,3uPCDp,1950,Female,TRUE
219,Colgan,Awnan,Awnan.Colgan@people.com.cn,Mobile,54-(942)673-9076,ghR5DE8,2005,Male,TRUE
220,Mulvey,Devyn,Devyn.Mulvey@nbcnews.com,Mobile,86-(184)720-6726,RQaweiyX,1999,Male,TRUE
221,Cash,Brea,Brea.Cash@infoseek.co.jp,Mobile,593-(584)994-3281,Widlt8a2H,1991,Male,TRUE
222,McNulty,Dempsey,Dempsey.McNulty@marriott.com,Mobile,46-(426)598-7021,7w3JXJ5nkVd,1987,Female,TRUE
223,Lawlor,Odele,Odele.Lawlor@usatoday.com,Mobile,33-(293)348-6218,u11CABl,1944,Female,TRUE
224,McCafferty,Connor,Connor.McCafferty@mail.ru,Mobile,33-(801)684-4795,kwKpHtgHM,1974,Male,TRUE
225,Carney,Obadiah,Obadiah.Carney@zimbio.com,Mobile,53-(563)367-8957,Bhb3jZbjkXSJ,1996,Female,TRUE
226,Enright,Doreen,Doreen.Enright@dyndns.org,Mobile,965-(297)964-8216,8aQYSOXD,1986,Female,TRUE
227,Brogan,Calhoun,Calhoun.Brogan@army.mil,Mobile,84-(670)884-5842,IDWhkORHvqm,1960,Male,TRUE
228,McCracken,Cierra,Cierra.McCracken@hugedomains.com,Mobile,358-(824)768-3987,3oIIEM5GB3a,1986,Female,TRUE
229,Garvey,Elva,Elva.Garvey@independent.co.uk,Mobile,86-(470)372-8270,EmpCkoc,1987,Female,TRUE
230,Toner,Eibhlín,Eibhlín.Toner@hexun.com,Mobile,62-(513)807-2425,gJh3jdYJn,1966,Female,TRUE
231,Duddy,Bryden,Bryden.Duddy@google.com.au,Mobile,86-(823)253-1492,I6msOJVnm,1959,Female,TRUE
232,Mulligan,Assumpta,Assumpta.Mulligan@imgur.com,Mobile,62-(128)908-2443,hSZkqO7,1981,Male,TRUE
233,Neill,Clodagh,Clodagh.Neill@rambler.ru,Mobile,55-(869)257-4886,Xf5wKA2J,1993,Male,TRUE
234,McDonagh,Cathleen,Cathleen.McDonagh@nasa.gov,Mobile,86-(911)645-0117,ZWVsscJ8I,1941,Male,TRUE
235,McCourt,Enya,Enya.McCourt@joomla.org,Mobile,977-(245)618-7816,reJVqU,1991,Male,TRUE
236,McNamara,Callahan Case,Callahan Case.McNamara@twitpic.com,Mobile,63-(643)181-9358,v3MrGLlEX,1971,Female,TRUE
237,McParland,Odessa,Odessa.McParland@desdev.cn,Mobile,86-(936)331-8964,Efs941,1997,Male,TRUE
238,Dougan,Eoghan Oakley,Eoghan Oakley.Dougan@domainmarket.com,Mobile,62-(219)739-2824,Kygehu,1989,Male,TRUE
239,Scanlon,Odile,Odile.Scanlon@boston.com,Mobile,86-(855)603-7846,FQ0QzFaC,1999,Male,TRUE
240,Carolan,Bridget,Bridget.Carolan@google.com.br,Mobile,63-(188)767-0524,1KEFiuar8mO,1953,Female,TRUE
241,McDowell,Aislinn,Aislinn.McDowell@live.com,Mobile,234-(466)781-0246,agSTE1UBpUD,1952,Female,TRUE
242,Hamill,Ailbhe,Ailbhe.Hamill@mac.com,Mobile,53-(723)276-1596,Xi6gAm,1951,Male,TRUE
243,Keys,Dwayne,Dwayne.Keys@trellian.com,Mobile,55-(241)710-6391,zZadcQS39,1970,Female,TRUE
244,Crilly,Odina,Odina.Crilly@marriott.com,Mobile,57-(106)533-3796,ZupvpiX,1950,Male,TRUE
245,Kerrigan,Cian,Cian.Kerrigan@samsung.com,Mobile,31-(396)820-6209,MUYFU7rAt3a,2001,Male,TRUE
246,McCartan,Declan,Declan.McCartan@guardian.co.uk,Mobile,48-(108)287-3898,aXRhuRAJ,1982,Female,TRUE
247,Mellon,Eileen,Eileen.Mellon@wix.com,Mobile,7-(111)733-9773,INVTQjINaV,1995,Female,TRUE
248,McCartney,Eamon,Eamon.McCartney@narod.ru,Mobile,55-(920)651-5756,44eL9g5gtE,1989,Female,TRUE
249,Kerrigan,Declan,Declan.Kerrigan@howstuffworks.com,Mobile,63-(409)353-0728,8a41bjGhvljO,1985,Male,TRUE
250,Mahoney,Desmond,Desmond.Mahoney@yahoo.co.jp,Mobile,57-(584)745-3070,mowXyrS,1960,Female,TRUE
251,Harte,Eileen,Eileen.Harte@pbs.org,Mobile,63-(169)634-8235,3RzsMa9Ped,2002,Female,TRUE
252,Scanlon,Darby,Darby.Scanlon@sohu.com,Mobile,86-(816)647-2320,wJUJTAb,1957,Male,TRUE
253,McConville,Doreen,Doreen.McConville@intel.com,Mobile,62-(745)864-3297,2cjgdb,1959,Female,TRUE
254,McCartan,Odile,Odile.McCartan@reference.com,Mobile,595-(441)598-6279,M751EVuJtV,1957,Female,TRUE
255,Geoghegan,Eoghan Oakley,Eoghan Oakley.Geoghegan@nyu.edu,Mobile,212-(934)902-9731,W53hS2,2004,Male,TRUE
256,Mahoney,Odette,Odette.Mahoney@mysql.com,Mobile,86-(877)573-8845,Ezz4TX4EBw,1966,Female,TRUE
257,Duddy,Brady,Brady.Duddy@github.com,Mobile,62-(839)815-2588,RRssf4k0,1962,Male,TRUE
258,Curtin,Casey,Casey.Curtin@pagesperso-orange.fr,Mobile,86-(844)621-6381,IkTFpBe6,1970,Male,TRUE
259,Hynes,Darcy Darragh,Darcy Darragh.Hynes@mapy.cz,Mobile,7-(555)546-9200,OFM1ulXeH,1976,Female,TRUE
260,Loughran,Cassidy,Cassidy.Loughran@ed.gov,Mobile,66-(500)957-5217,0jnpdRfpf9M,1982,Female,TRUE
261,Dornan,Desmond,Desmond.Dornan@privacy.gov.au,Mobile,62-(316)789-0484,VcuPpFL5m,1952,Female,TRUE
262,Fee,Casey,Casey.Fee@amazon.co.jp,Mobile,389-(318)721-6414,gCJ4fn,1987,Male,TRUE
263,Caffrey,Connor,Connor.Caffrey@ehow.com,Mobile,54-(681)329-6870,DkeLqOtU0,1990,Female,TRUE
264,Maloney,Dacey,Dacey.Maloney@fotki.com,Mobile,55-(258)770-2174,NU5fbA,1943,Male,TRUE
265,Shannon,Bannon,Bannon.Shannon@illinois.edu,Mobile,81-(243)244-8856,ARTT0T,1979,Male,TRUE
266,Cahill,Oisin,Oisin.Cahill@dailymotion.com,Mobile,996-(191)876-4358,dkLnqq,1949,Female,TRUE
267,Cronin,Eagan,Eagan.Cronin@woothemes.com,Mobile,7-(940)316-6629,25RB1NCrh4Y,1967,Male,TRUE
268,Adair,Elva,Elva.Adair@alexa.com,Mobile,57-(405)517-8484,1dydLXj9,1956,Male,TRUE
269,McSweeney,Oda,Oda.McSweeney@domainmarket.com,Mobile,502-(934)772-9496,RC0Qdi,1947,Male,TRUE
270,O'Donnell,Octavia,Octavia.O'Donnell@fda.gov,Mobile,86-(902)257-9749,x17R1PpbX1,1967,Female,TRUE
271,Tynan,Ciara,Ciara.Tynan@usda.gov,Mobile,51-(151)521-7641,nlP0u0S,1984,Male,TRUE
272,McGuinness,Doreen,Doreen.McGuinness@ebay.com,Mobile,55-(910)679-2937,6XQ46DXRpVVK,1954,Female,TRUE
273,Mulvey,Dermot,Dermot.Mulvey@qq.com,Mobile,62-(251)447-3872,dEdk65GRqWMx,1954,Female,TRUE
274,Dornan,Deidre,Deidre.Dornan@g.co,Mobile,86-(233)494-0023,hqmrVPhrJqK1,1967,Male,TRUE
275,Cahill,Dacey,Dacey.Cahill@mapy.cz,Mobile,7-(486)227-6725,EVYinUpy,1992,Male,TRUE
276,Lawlor,Oda,Oda.Lawlor@studiopress.com,Mobile,63-(287)746-8803,8FELQaOeyIz,1965,Male,TRUE
277,Bergin,Odyssey,Odyssey.Bergin@ebay.com,Mobile,375-(106)905-4386,gt9Yy2uE,1954,Male,TRUE
278,Lennon,Daire,Daire.Lennon@uiuc.edu,Mobile,48-(782)226-9365,n44RZVJ,1987,Female,TRUE
279,Harte,Awnan,Awnan.Harte@ifeng.com,Mobile,46-(705)798-0339,5TR1LRTAXTMB,1970,Male,TRUE
280,Tierney,Obed,Obed.Tierney@arstechnica.com,Mobile,63-(567)803-1681,v3XF1C,1955,Female,TRUE
281,McGlone,Oberon,Oberon.McGlone@dell.com,Mobile,86-(383)627-3620,HRnmoJZomkbu,1952,Male,TRUE
282,Adair,Bridget,Bridget.Adair@forbes.com,Mobile,48-(681)989-1569,zytp7xm7C,1941,Female,TRUE
283,Keane,Oceana,Oceana.Keane@dailymail.co.uk,Mobile,55-(539)608-8363,c56ym3uEeq,1998,Female,TRUE
284,Leahy,Bryden,Bryden.Leahy@dot.gov,Mobile,54-(985)104-8225,9BuNxthF,1982,Female,TRUE
285,Hanna,Obadiah,Obadiah.Hanna@va.gov,Mobile,86-(841)206-0702,XQtn6VBa3M6D,1987,Female,TRUE
286,McKinney,Barry,Barry.McKinney@fotki.com,Mobile,236-(199)900-2300,DK2rb4M,1951,Female,TRUE
287,Magill,Connell,Connell.Magill@t-online.de,Mobile,53-(577)438-7237,FshR0MIjhQud,1968,Female,TRUE
288,Rea,Casey,Casey.Rea@php.net,Mobile,46-(929)687-8329,ZXSsWmv,1954,Male,TRUE
289,McSweeney,Colleen,Colleen.McSweeney@yahoo.com,Mobile,7-(163)754-6533,NOp2QFIc,1946,Female,TRUE
290,Toole,Eoghan Oakley,Eoghan Oakley.Toole@time.com,Mobile,46-(864)669-5885,ddq5jp2jhlg,1962,Female,TRUE
291,Hennessy,Octave,Octave.Hennessy@goo.gl,Mobile,63-(486)723-3406,epJehQ2,1988,Female,TRUE
292,Breen,Art,Art.Breen@weather.com,Mobile,30-(430)219-0047,Tt5ZLl,1951,Male,TRUE
293,Hamill,Enya,Enya.Hamill@blogspot.com,Mobile,62-(688)888-1145,F7Eq4kNq,1990,Male,TRUE
294,Deegan,Art,Art.Deegan@vistaprint.com,Mobile,7-(707)375-4060,gKu8CH,1973,Male,TRUE
295,McAuley,Beckett,Beckett.McAuley@techcrunch.com,Mobile,880-(570)752-9399,maDf1u,1964,Male,TRUE
296,McGlinchey,Obed,Obed.McGlinchey@narod.ru,Mobile,86-(370)702-5163,7UlJKOR5L,1975,Female,TRUE
297,Dougan,Ashlynn,Ashlynn.Dougan@zdnet.com,Mobile,86-(914)583-5985,cL0Zt2xjTgwi,1988,Female,TRUE
298,Aiken,Cormac,Cormac.Aiken@cyberchimps.com,Mobile,51-(895)114-1089,b2Lh2DQwl2R,1995,Male,TRUE
299,McDonagh,Cierra,Cierra.McDonagh@google.co.jp,Mobile,52-(595)573-5424,gesV4SDhUGIh,1971,Female,TRUE
300,Flannigan,Ciaran,Ciaran.Flannigan@flickr.com,Mobile,7-(140)316-1108,04CRYGo99pX,1976,Female,TRUE
301,Rafferty,Ciara,Ciara.Rafferty@ucla.edu,Mobile,55-(492)367-0124,5fctFHdr,1947,Female,TRUE
302,Scully,Calhoun,Calhoun.Scully@google.co.jp,Mobile,7-(962)258-8542,8jad7f,1990,Male,TRUE
303,Leahy,Corey,Corey.Leahy@unesco.org,Mobile,86-(950)214-8992,GcitvEjz,2003,Male,TRUE
304,McAleese,Eamon,Eamon.McAleese@elegantthemes.com,Mobile,52-(114)487-4325,ChZxVIVsdtk5,1972,Female,TRUE
305,Lawlor,Odile,Odile.Lawlor@cbsnews.com,Mobile,49-(761)333-5964,HR62f82RCZH,1946,Female,TRUE
306,Lydon,Barry,Barry.Lydon@slate.com,Mobile,1-(781)924-1381,dxkJYV4fLy,1993,Male,TRUE
307,Hanna,Obama,Obama.Hanna@multiply.com,Mobile,66-(537)439-5823,QELnHqe,1965,Male,TRUE
308,Keating,Bannon,Bannon.Keating@mlb.com,Mobile,63-(129)386-5377,qYd3zd,1996,Female,TRUE
309,Scullion,Aislinn,Aislinn.Scullion@tripadvisor.com,Mobile,62-(762)787-7256,hA66S1H1,1996,Male,TRUE
310,Flannigan,Cagney,Cagney.Flannigan@icq.com,Mobile,48-(134)978-1522,S23l4dBFtSF,1955,Female,TRUE
311,Killeen,Octavia,Octavia.Killeen@t-online.de,Mobile,51-(519)839-0371,hxGgCZt,1946,Male,TRUE
312,McAleese,Darcy Darragh,Darcy Darragh.McAleese@dyndns.org,Mobile,351-(999)392-0800,0lZJ1G6KqHt,1961,Female,TRUE
313,McGlone,Oda,Oda.McGlone@shop-pro.jp,Mobile,62-(587)941-9167,5wt1R8D9,2005,Male,TRUE
314,Lawlor,Clodagh,Clodagh.Lawlor@disqus.com,Mobile,7-(558)461-5262,soaSUz7g16Ud,1963,Female,TRUE
315,Mulholland,Obijulu,Obijulu.Mulholland@google.es,Mobile,351-(135)189-8551,16EqSTeGR56,1945,Female,TRUE
316,Stack,Odile,Odile.Stack@barnesandnoble.com,Mobile,46-(323)316-5957,CPX4XRia,1995,Female,TRUE
317,Trimble,Brianna,Brianna.Trimble@dmoz.org,Mobile,84-(284)973-3516,Ib3OIYXcA,1984,Male,TRUE
318,Bergin,Darcy Darragh,Darcy Darragh.Bergin@taobao.com,Mobile,86-(366)109-3383,udsqARet,1948,Male,TRUE
319,Lambe,Odessa,Odessa.Lambe@ebay.com,Mobile,62-(202)687-8730,UQi5cGq,1958,Female,TRUE
320,Morrow,Odele,Odele.Morrow@mac.com,Mobile,63-(455)689-3952,lWAlbC3VeM,1946,Male,TRUE
321,Stack,Eagan,Eagan.Stack@shop-pro.jp,Mobile,66-(721)918-7511,CGtdIcWLtVTA,1940,Female,TRUE
322,Connors,Barry,Barry.Connors@scientificamerican.com,Mobile,62-(503)240-5017,3cPPOcJ9,1994,Male,TRUE
323,Neill,Bridget,Bridget.Neill@fema.gov,Mobile,86-(492)135-1124,tOjqj2,1980,Male,TRUE
324,Rainey,Odyssey,Odyssey.Rainey@tiny.cc,Mobile,7-(912)934-0962,ilnWDs3Xe2,1973,Female,TRUE
325,Driscoll,Cathleen,Cathleen.Driscoll@google.co.uk,Mobile,48-(764)626-8083,yxOw8JS,1955,Male,TRUE
326,Cleary,Callahan Case,Callahan Case.Cleary@friendfeed.com,Mobile,63-(520)601-5688,9KJgpFA3dYfy,1995,Female,TRUE
327,Aiken,Elva,Elva.Aiken@whitehouse.gov,Mobile,1-(209)318-2166,kMkyNH8K,1967,Female,TRUE
328,Grady,Obed,Obed.Grady@utexas.edu,Mobile,95-(850)625-4569,qjBHQPP,1995,Male,TRUE
329,McAleese,Odelia,Odelia.McAleese@youtube.com,Mobile,351-(336)834-0214,UcrW7WJa,1984,Female,TRUE
330,Gleeson,Brianna,Brianna.Gleeson@state.gov,Mobile,62-(286)129-5183,P0vzpfn,1961,Female,TRUE
331,Gleeson,Assumpta,Assumpta.Gleeson@blinklist.com,Mobile,86-(115)828-3228,9ZsO0Kby7,1960,Male,TRUE
332,McClean,Desmond,Desmond.McClean@google.co.uk,Mobile,86-(462)621-9717,4iLsYIrQhgvP,1998,Male,TRUE
333,Harte,Devin,Devin.Harte@webeden.co.uk,Mobile,55-(175)950-4601,OL7mz4hW,1958,Male,TRUE
334,Coy,Desmond,Desmond.Coy@gravatar.com,Mobile,62-(576)228-6428,2SpEP8WO3c,2003,Male,TRUE
335,Gilchrist,Obijulu,Obijulu.Gilchrist@ow.ly,Mobile,33-(524)175-2002,A5hQqC1x33U,1963,Female,TRUE
336,Colgan,Delaney,Delaney.Colgan@omniture.com,Mobile,52-(752)629-1139,srpcT1cbb,1942,Female,TRUE
337,Scanlon,Casey,Casey.Scanlon@adobe.com,Mobile,504-(673)132-0536,4nTmKrqjsmh,1949,Female,TRUE
338,McColgan,Octave,Octave.McColgan@e-recht24.de,Mobile,86-(996)772-1074,DThEmXe,2002,Male,TRUE
339,Morrissey,Odele,Odele.Morrissey@ibm.com,Mobile,62-(504)191-2524,a1et7Yeobz,2003,Female,TRUE
340,Shannon,Assumpta,Assumpta.Shannon@wsj.com,Mobile,46-(818)408-6314,gtnEhujyZwp,1955,Female,TRUE
341,Hannigan,Doreen,Doreen.Hannigan@t-online.de,Mobile,359-(881)394-3156,irDPCc,1961,Male,TRUE
342,Grady,Enya,Enya.Grady@wordpress.org,Mobile,970-(742)994-4759,uv5JzFgKCFGl,1952,Male,TRUE
343,McNulty,Brea,Brea.McNulty@wordpress.com,Mobile,34-(916)287-6145,p2U7btnNnl,1956,Male,TRUE
344,Fee,Deidre,Deidre.Fee@pinterest.com,Mobile,62-(313)291-1534,a86L7U3Jq,1947,Male,TRUE
345,Mannion,Bridget,Bridget.Mannion@home.pl,Mobile,420-(707)184-4230,yrQCDtebP0ei,1963,Female,TRUE
346,McCourt,Eibhlín,Eibhlín.McCourt@cpanel.net,Mobile,63-(365)669-8062,hv7wErVRL,1959,Female,TRUE
347,McKillop,Cassidy,Cassidy.McKillop@cnn.com,Mobile,86-(140)377-1109,KivfVlJ,1962,Male,TRUE
348,McEvoy,Odelia,Odelia.McEvoy@go.com,Mobile,48-(154)510-1135,6tk9rAT,2000,Female,TRUE
349,Hannigan,Oisin,Oisin.Hannigan@google.nl,Mobile,86-(863)134-7694,jacj9x33,1947,Male,TRUE
350,Lawlor,Eibhlín,Eibhlín.Lawlor@mozilla.com,Mobile,86-(401)238-1610,dG8fqTw37,1943,Female,TRUE
351,McHale,Barry,Barry.McHale@booking.com,Mobile,374-(920)483-3108,aAsoV0N,1948,Female,TRUE
352,Killeen,Cormac,Cormac.Killeen@dion.ne.jp,Mobile,351-(631)121-6343,j4g8JU,1982,Male,TRUE
353,Quigley,Odessa,Odessa.Quigley@businesswire.com,Mobile,95-(154)243-2476,dgW2LMlXjD4,1974,Male,TRUE
354,McNulty,Dempsey,Dempsey.McNulty@pbs.org,Mobile,64-(238)433-8280,T69kO9Tn5u,1940,Male,TRUE
355,Gilchrist,Art,Art.Gilchrist@reference.com,Mobile,370-(605)109-0865,1BMN2n,1957,Male,TRUE
356,Leahy,Odelia,Odelia.Leahy@nhs.uk,Mobile,351-(930)961-5701,rsRuD1vF,2005,Male,TRUE
357,Curtin,Devyn,Devyn.Curtin@netscape.com,Mobile,1-(331)479-8360,g732nnU,1967,Female,TRUE
358,Fay,Delaney,Delaney.Fay@t-online.de,Mobile,86-(814)580-3570,MFIz6qey,1952,Female,TRUE
359,Scullion,Ailbhe,Ailbhe.Scullion@symantec.com,Mobile,1-(407)291-5072,5qWUKWXsc,1996,Female,TRUE
360,Mulholland,Odele,Odele.Mulholland@artisteer.com,Mobile,63-(868)123-6791,KFhuJJy,1955,Male,TRUE
361,Coy,Odyssey,Odyssey.Coy@shop-pro.jp,Mobile,976-(965)292-0810,D4A005fyf38,1963,Female,TRUE
362,Duddy,Eagan,Eagan.Duddy@mac.com,Mobile,48-(359)221-0518,dirnTGE9tpnn,2002,Female,TRUE
363,Carney,Connell,Connell.Carney@51.la,Mobile,81-(946)281-2472,6SHehNOtU,1944,Male,TRUE
364,Scully,Odyssey,Odyssey.Scully@ted.com,Mobile,48-(380)502-0234,tG6jlS,1971,Female,TRUE
365,Lavery,Daire,Daire.Lavery@cornell.edu,Mobile,1-(647)882-3633,iPZwxb8c,1961,Female,TRUE
366,Stack,Cormac,Cormac.Stack@privacy.gov.au,Mobile,1-(668)454-4520,mblEjb8R9a,1996,Female,TRUE
367,Scanlon,Bryden,Bryden.Scanlon@blog.com,Mobile,86-(548)515-7140,enSkEcM9C,1964,Female,TRUE
368,Leahy,Oberon,Oberon.Leahy@hubpages.com,Mobile,86-(449)257-0228,lsnbuP,1996,Male,TRUE
369,McConville,Brea,Brea.McConville@networksolutions.com,Mobile,62-(251)272-4699,LC3odh0WpxpC,1941,Male,TRUE
370,Tweed,Art,Art.Tweed@reverbnation.com,Mobile,380-(189)858-3516,fP1X0W,1948,Male,TRUE
371,Keane,Bannon,Bannon.Keane@hibu.com,Mobile,58-(257)362-2775,5Fz5t9g,1987,Male,TRUE
372,Hamill,Awnan,Awnan.Hamill@over-blog.com,Mobile,351-(487)331-4359,rFpHV8x,2003,Female,TRUE
373,McGlinchey,Bridget,Bridget.McGlinchey@webnode.com,Mobile,234-(504)130-7296,nGjwgBQJN,1999,Male,TRUE
374,Aiken,Eibhlín,Eibhlín.Aiken@foxnews.com,Mobile,1-(479)750-1523,NhmM0aYf8o,1949,Female,TRUE
375,Toner,Oisin,Oisin.Toner@about.me,Mobile,84-(125)342-5198,ohiR8Bgf,1975,Female,TRUE
376,Tweed,Oceana,Oceana.Tweed@mozilla.org,Mobile,86-(562)413-7371,Wpoq7GJm6yT,1974,Male,TRUE
377,McMullen,Devin,Devin.McMullen@woothemes.com,Mobile,7-(517)898-8172,h1HTWIBfT0,1981,Female,TRUE
378,Mullan,Ailbhe,Ailbhe.Mullan@ezinearticles.com,Mobile,33-(453)492-2079,1nspWC8z,1999,Female,TRUE
379,Cahill,Dwayne,Dwayne.Cahill@mediafire.com,Mobile,505-(355)632-6607,YqqAVk,1950,Female,TRUE
380,McAuley,Delaney,Delaney.McAuley@wikipedia.org,Mobile,386-(738)706-2688,zxGXmiSr,1987,Male,TRUE
381,O'Brien,Oda,Oda.O'Brien@geocities.jp,Mobile,34-(652)959-2676,Uq9da8,1993,Male,TRUE
382,Lemon,Oceana,Oceana.Lemon@ucsd.edu,Mobile,374-(500)173-5834,Ip6MFluOWZ6,2003,Female,TRUE
383,Keys,Oceana,Oceana.Keys@usa.gov,Mobile,81-(197)755-9836,qiVz3joRmfd9,1980,Female,TRUE
384,McCartney,Eoghan Oakley,Eoghan Oakley.McCartney@phpbb.com,Mobile,86-(271)474-9565,SRmJqZ75,1969,Female,TRUE
385,Gormley,Callahan Case,Callahan Case.Gormley@va.gov,Mobile,62-(858)816-3558,xL4YSONFVF,1945,Male,TRUE
386,Cavanagh,Odette,Odette.Cavanagh@theguardian.com,Mobile,33-(650)169-5917,nXcmVBCOQn,1996,Male,TRUE
387,McAleese,Colleen,Colleen.McAleese@hibu.com,Mobile,86-(336)499-5535,PVtmpqyQ1,1948,Female,TRUE
388,Brannan,Devin,Devin.Brannan@wufoo.com,Mobile,48-(121)917-0061,P3G20e,1997,Female,TRUE
389,McNulty,Bannon,Bannon.McNulty@youku.com,Mobile,212-(341)585-3409,XfSP1wkpDeK,1954,Male,TRUE
390,McGee,Eileen,Eileen.McGee@hubpages.com,Mobile,386-(480)546-3974,3jOTrkcbm,1953,Female,TRUE
391,Flannigan,Enya,Enya.Flannigan@elpais.com,Mobile,1-(228)404-4636,smeUHhmR,1999,Female,TRUE
392,Clancy,Desmond,Desmond.Clancy@lulu.com,Mobile,86-(247)644-2971,aKLRW6Ca6,1954,Male,TRUE
393,Nugent,Devyn,Devyn.Nugent@linkedin.com,Mobile,46-(558)450-3246,V77H9zWuX9l,1996,Female,TRUE
394,Killeen,Clancy,Clancy.Killeen@illinois.edu,Mobile,86-(515)111-9823,vAzdNo0DA,1942,Female,TRUE
395,Caffrey,Darcy Darragh,Darcy Darragh.Caffrey@msn.com,Mobile,62-(504)298-5095,ORZ8scnRxuZt,1990,Male,TRUE
396,Trimble,Beckett,Beckett.Trimble@moonfruit.com,Mobile,62-(326)973-3745,imj5CCnpNVZm,1999,Female,TRUE
397,McKillop,Cormac,Cormac.McKillop@clickbank.net,Mobile,353-(529)346-5232,CmpxMI6Vw6T,1994,Female,TRUE
398,Keating,Obed,Obed.Keating@twitter.com,Mobile,63-(600)752-3691,hSgxQJB5lXJ,1960,Male,TRUE
399,Magill,Adyn,Adyn.Magill@engadget.com,Mobile,33-(487)310-3679,JV704nIwF,1959,Female,TRUE
400,McClean,Brea,Brea.McClean@arstechnica.com,Mobile,62-(216)488-3794,OSd4CzSAe,1965,Female,TRUE
401,McHale,Clodagh,Clodagh.McHale@biblegateway.com,Mobile,55-(351)813-1175,ea5K4IqtNTA,1980,Female,TRUE
402,Kinsella,Deidre,Deidre.Kinsella@cnbc.com,Mobile,86-(192)327-3911,nfW0aZGiyW,1943,Female,TRUE
403,McFall,Eibhlín,Eibhlín.McFall@comcast.net,Mobile,62-(610)488-1198,icCzUmYgi,1949,Male,TRUE
404,Doughty,Assumpta,Assumpta.Doughty@google.ca,Mobile,62-(902)912-6285,lFJfWW,1949,Male,TRUE
405,Leahy,Odina,Odina.Leahy@delicious.com,Mobile,82-(635)717-7097,7xrNZ4,1968,Male,TRUE
406,McQuillan,Obadiah,Obadiah.McQuillan@oracle.com,Mobile,62-(138)559-2629,b6hW4LUuVuRq,1949,Female,TRUE
407,Coy,Cassidy,Cassidy.Coy@feedburner.com,Mobile,380-(118)365-9200,LSesXNT,1965,Female,TRUE
408,McGovern,Elva,Elva.McGovern@prlog.org,Mobile,86-(449)319-6284,Yz611at,1999,Male,TRUE
409,Hickey,Eagan,Eagan.Hickey@senate.gov,Mobile,66-(154)519-8636,VQLRMBRqI,1951,Female,TRUE
410,Tynan,Obadiah,Obadiah.Tynan@miibeian.gov.cn,Mobile,57-(935)350-1865,24DL5be4jxkH,1983,Male,TRUE
411,McCafferty,Declan,Declan.McCafferty@prweb.com,Mobile,86-(445)125-4246,fzFR1po,1993,Male,TRUE
412,Stack,Eileen,Eileen.Stack@latimes.com,Mobile,86-(616)955-5471,yLN79ac8M,1945,Male,TRUE
413,McGarvey,Devyn,Devyn.McGarvey@admin.ch,Mobile,54-(235)745-7337,HVG1PY,1967,Male,TRUE
414,Scanlon,Egan,Egan.Scanlon@mac.com,Mobile,54-(171)904-5888,4CCCY8B2m4nc,1941,Female,TRUE
415,Fee,Doreen,Doreen.Fee@biglobe.ne.jp,Mobile,86-(706)798-4934,JBEapSfLXn7,2004,Female,TRUE
416,Tierney,Colleen,Colleen.Tierney@linkedin.com,Mobile,46-(434)532-3281,XfR04E,1958,Female,TRUE
417,Rafferty,Desmond,Desmond.Rafferty@clickbank.net,Mobile,66-(743)826-4743,UOnsA9NusrhA,1998,Female,TRUE
418,Kilgour,Darcy Darragh,Darcy Darragh.Kilgour@meetup.com,Mobile,63-(323)535-0539,IXRRMkG,1996,Male,TRUE
419,Fitzsimmons,Deidre,Deidre.Fitzsimmons@virginia.edu,Mobile,86-(114)487-8054,rF1nENQUr,1981,Female,TRUE
420,Mahoney,Devyn,Devyn.Mahoney@howstuffworks.com,Mobile,86-(188)963-8862,5A8fF23yU,1997,Female,TRUE
421,Riordan,Odelia,Odelia.Riordan@cdbaby.com,Mobile,506-(119)552-3062,owsqBX,2004,Male,TRUE
422,Keys,Deidre,Deidre.Keys@123-reg.co.uk,Mobile,66-(587)478-2223,KeAHyUal,1996,Female,TRUE
423,Ennis,Doreen,Doreen.Ennis@csmonitor.com,Mobile,353-(137)759-6807,E0bBZdz,1976,Male,TRUE
424,Hennessy,Egan,Egan.Hennessy@cpanel.net,Mobile,994-(534)286-6121,sydL31bul67,1944,Female,TRUE
425,Colgan,Enya,Enya.Colgan@artisteer.com,Mobile,255-(531)876-5022,vkHOuaow,1983,Female,TRUE
426,McGlinchey,Dacey,Dacey.McGlinchey@nih.gov,Mobile,52-(822)656-2915,T59Hjei,1992,Female,TRUE
427,McKillop,Art,Art.McKillop@soundcloud.com,Mobile,372-(475)650-7105,6Q9TWpaf,1985,Female,TRUE
428,Connors,Dwayne,Dwayne.Connors@1688.com,Mobile,52-(208)642-1493,rA7lpZ,1986,Male,TRUE
429,Mannion,Barry,Barry.Mannion@skyrock.com,Mobile,1-(202)684-1943,xa0qkFG,2001,Male,TRUE
430,Fitzsimmons,Bridget,Bridget.Fitzsimmons@blogtalkradio.com,Mobile,86-(182)635-6546,1EqQ35BZPn2,1989,Female,TRUE
431,Cash,Brianna,Brianna.Cash@google.com.hk,Mobile,84-(435)631-5461,vvzwh64H,2002,Male,TRUE
432,Lavery,Elva,Elva.Lavery@scribd.com,Mobile,351-(328)298-8312,GJR7EfySL,1977,Female,TRUE
433,Colgan,Cassidy,Cassidy.Colgan@1688.com,Mobile,358-(777)963-0297,3vVqdKbuKNA,1973,Female,TRUE
434,Toomey,Desmond,Desmond.Toomey@marriott.com,Mobile,48-(607)947-5208,myIQGPTg,1988,Male,TRUE
435,Colgan,Darcy Darragh,Darcy Darragh.Colgan@ucla.edu,Mobile,31-(931)700-5912,fc8nba,1994,Male,TRUE
436,Shannon,Adyn,Adyn.Shannon@yelp.com,Mobile,86-(175)974-3292,bYo6zTRyZ,1990,Male,TRUE
437,Gilfillan,Deidre,Deidre.Gilfillan@fc2.com,Mobile,86-(397)637-8256,G2lC83FB9EeM,1975,Male,TRUE
438,Fee,Awnan,Awnan.Fee@webs.com,Mobile,420-(362)508-8134,24aDvsdBH,1976,Male,TRUE
439,Lydon,Desmond,Desmond.Lydon@va.gov,Mobile,691-(801)238-7369,HzTLkdJ,1957,Male,TRUE
440,McGuinness,Dacey,Dacey.McGuinness@nba.com,Mobile,86-(435)150-7251,oypZc8,1969,Female,TRUE
441,Toole,Obijulu,Obijulu.Toole@jalbum.net,Mobile,51-(564)812-8184,gEVYdxY9Yg,2000,Female,TRUE
442,Scully,Odina,Odina.Scully@alibaba.com,Mobile,57-(216)404-6067,TmtQtu3MKlr,1952,Male,TRUE
443,Fanning,Ailbhe,Ailbhe.Fanning@multiply.com,Mobile,81-(632)195-2040,76u3pwFpXRSy,1947,Male,TRUE
444,Fanning,Dacey,Dacey.Fanning@hostgator.com,Mobile,48-(296)560-3734,v9ceS78mX,1973,Female,TRUE
445,O'Donnell,Assumpta,Assumpta.O'Donnell@pbs.org,Mobile,47-(992)525-6938,VppLcRM,1972,Male,TRUE
446,McKinney,Devyn,Devyn.McKinney@google.ru,Mobile,86-(996)385-9039,yYhUN9gGej9p,1986,Female,TRUE
447,O'Neill,Beckett,Beckett.O'Neill@indiatimes.com,Mobile,86-(991)913-6290,T1Av7J,1950,Female,TRUE
448,McKinney,Awnan,Awnan.McKinney@g.co,Mobile,420-(368)281-2131,TsX07W,1970,Female,TRUE
449,Mulholland,Darby,Darby.Mulholland@multiply.com,Mobile,383-(187)806-5522,yTwYJsyyZJ,1966,Female,TRUE
450,Rafferty,Devyn,Devyn.Rafferty@behance.net,Mobile,63-(509)455-1277,dlib9n,1945,Female,TRUE
451,Morrissey,Awnan,Awnan.Morrissey@yellowbook.com,Mobile,86-(425)105-7653,0BVUwrbFlEAn,1953,Male,TRUE
452,Lawlor,Eoghan Oakley,Eoghan Oakley.Lawlor@sfgate.com,Mobile,63-(261)915-3900,wWMWNjpJmZn,1996,Male,TRUE
453,McGarvey,Beckett,Beckett.McGarvey@mapquest.com,Mobile,62-(770)221-8133,Ij12NNmAqkV,1959,Male,TRUE
454,Trimble,Cormac,Cormac.Trimble@free.fr,Mobile,62-(533)747-1577,DTRxice,1980,Female,TRUE
455,McSweeney,Ashlynn,Ashlynn.McSweeney@pbs.org,Mobile,62-(817)962-4319,a0lOdq9I,2004,Male,TRUE
456,Fanning,Cagney,Cagney.Fanning@friendfeed.com,Mobile,358-(972)853-6890,fZZmTwiYoKk,1960,Female,TRUE
457,Rea,Dempsey,Dempsey.Rea@dot.gov,Mobile,46-(503)470-4632,1zWfMe3iRV,1960,Male,TRUE
458,Adair,Doyle,Doyle.Adair@csmonitor.com,Mobile,375-(286)994-9198,nJvbjBp,1990,Male,TRUE
459,McCafferty,Art,Art.McCafferty@i2i.jp,Mobile,963-(648)511-8534,vqYEGs,1952,Female,TRUE
460,Quigley,Obed,Obed.Quigley@skype.com,Mobile,256-(758)285-0858,VsK9wfCd,1958,Female,TRUE
461,McKinney,Cierra,Cierra.McKinney@phoca.cz,Mobile,7-(147)651-8951,UJz9YRWe,1985,Male,TRUE
462,Maloney,Cian,Cian.Maloney@yelp.com,Mobile,48-(466)126-1612,753UmpedY4,1990,Female,TRUE
463,Gilchrist,Barry,Barry.Gilchrist@dagondesign.com,Mobile,55-(446)977-3514,n09l1dKPsH,2001,Female,TRUE
464,Lemon,Cathleen,Cathleen.Lemon@ed.gov,Mobile,63-(295)778-1845,tYghUuBwN8,1963,Male,TRUE
465,Harkin,Ciara,Ciara.Harkin@craigslist.org,Mobile,84-(163)677-6695,yj8YZMlz0,1982,Male,TRUE
466,O'Brien,Coby,Coby.O'Brien@istockphoto.com,Mobile,84-(312)267-8813,aFmyeKyw,1944,Female,TRUE
467,Tweed,Darby,Darby.Tweed@pcworld.com,Mobile,57-(932)222-0286,fJN1Spc2H8t,1987,Male,TRUE
468,Brogan,Oberon,Oberon.Brogan@google.co.uk,Mobile,381-(633)113-0392,mDthwv,1953,Female,TRUE
469,Toole,Ciaran,Ciaran.Toole@mozilla.com,Mobile,92-(130)271-5778,LZstz04mnmy,1950,Male,TRUE
470,Carrigan,Art,Art.Carrigan@auda.org.au,Mobile,234-(141)747-1186,zLA0NQz,1983,Female,TRUE
471,Lavery,Blaine,Blaine.Lavery@livejournal.com,Mobile,86-(395)780-7743,G0kUInJF,2000,Male,TRUE
472,Lydon,Octave,Octave.Lydon@spotify.com,Mobile,62-(467)866-1840,2WC2O6p,1951,Male,TRUE
473,Phelan,Connor,Connor.Phelan@oracle.com,Mobile,1-(718)894-4708,6lg6uQK,1961,Female,TRUE
474,Lambe,Odessa,Odessa.Lambe@hostgator.com,Mobile,62-(407)466-5890,j0nS87Rhvj,1957,Female,TRUE
475,Coy,Cassidy,Cassidy.Coy@flavors.me,Mobile,63-(602)168-4936,OMOlZaIG,1963,Male,TRUE
476,Gilmartin,Connell,Connell.Gilmartin@spotify.com,Mobile,7-(265)184-6886,ZFMgfmtpT,1975,Male,TRUE
477,O'Brien,Cathleen,Cathleen.O'Brien@ucla.edu,Mobile,351-(822)878-1089,VfUnr4WU1rF,1972,Male,TRUE
478,McGlinchey,Clancy,Clancy.McGlinchey@google.com,Mobile,63-(997)559-2448,oPl18HwpC,1967,Female,TRUE
479,Toole,Cagney,Cagney.Toole@nhs.uk,Mobile,48-(968)295-7203,IhmGqat,1996,Male,TRUE
480,Kerrigan,Brianna,Brianna.Kerrigan@shutterfly.com,Mobile,998-(108)737-6747,faAcTGISzBo,1995,Female,TRUE
481,Finnegan,Connell,Connell.Finnegan@upenn.edu,Mobile,62-(415)823-5586,q8RfhbLaLW,1947,Female,TRUE
482,Corcoran,Assumpta,Assumpta.Corcoran@usda.gov,Mobile,998-(417)153-8865,6x7VL0,1959,Female,TRUE
483,Morrissey,Brogan,Brogan.Morrissey@scientificamerican.com,Mobile,62-(445)435-7776,c2tUPuLl,1946,Female,TRUE
484,Curtin,Ogden,Ogden.Curtin@home.pl,Mobile,62-(740)773-8766,IfEaJt,1984,Male,TRUE
485,McAuley,Ailbhe,Ailbhe.McAuley@gov.uk,Mobile,86-(170)952-1028,AF9B3iv2Cy,1952,Male,TRUE
486,Tynan,Ciara,Ciara.Tynan@go.com,Mobile,63-(885)539-4915,Ut07xqJ9417n,1947,Female,TRUE
487,Scanlon,Desmond,Desmond.Scanlon@wunderground.com,Mobile,63-(632)359-6102,B2DcX4Oi2zEO,1943,Female,TRUE
488,Hamill,Oberon,Oberon.Hamill@ning.com,Mobile,507-(212)580-1914,i6D4qC8E3f79,1940,Male,TRUE
489,Lawlor,Darby,Darby.Lawlor@digg.com,Mobile,62-(108)991-6854,UCLzFwbOHF1,1969,Female,TRUE
490,McFall,Elva,Elva.McFall@usda.gov,Mobile,81-(695)162-3370,CpGVytpZ6LvB,1949,Male,TRUE
491,Keating,Elva,Elva.Keating@discovery.com,Mobile,371-(607)921-8547,iYJv9NER755,1940,Female,TRUE
492,Carrigan,Odelia,Odelia.Carrigan@slideshare.net,Mobile,237-(741)311-2348,C8tG9pkf,1954,Male,TRUE
493,Geoghegan,Ailbhe,Ailbhe.Geoghegan@go.com,Mobile,58-(124)249-1658,FHFQv1FZwa,1966,Male,TRUE
494,Deegan,Octavia,Octavia.Deegan@ftc.gov,Mobile,374-(775)814-9246,WIsrbvLQ,1943,Female,TRUE
495,Cash,Art,Art.Cash@yellowpages.com,Mobile,33-(913)285-9999,FMeTOL02,1994,Female,TRUE
496,Lavery,Barry,Barry.Lavery@slate.com,Mobile,62-(864)306-1518,3FMkHQn3JCmc,1969,Male,TRUE
497,Crooks,Declan,Declan.Crooks@tripadvisor.com,Mobile,86-(243)566-5054,jG2eTcUb1CW0,1973,Male,TRUE
498,O'Brien,Eagan,Eagan.O'Brien@nba.com,Mobile,86-(496)663-8684,DYKbvV5N,1963,Male,TRUE
499,Rea,Dwayne,Dwayne.Rea@purevolume.com,Mobile,55-(255)111-7994,dNLgW60C,1980,Male,TRUE
500,Brannan,Obadiah,Obadiah.Brannan@google.ca,Mobile,1-(813)794-3834,4N9la2UKmIgK,1978,Female,TRUE
501,Hamill,Beckett,Beckett.Hamill@sbwire.com,Mobile,27-(436)148-5419,wrgfRWy3FB,1959,Male,TRUE
502,McAuley,Ciaran,Ciaran.McAuley@toplist.cz,Mobile,62-(956)716-0927,tNmCp01e,1977,Male,TRUE
503,Mulligan,Assumpta,Assumpta.Mulligan@cbslocal.com,Mobile,502-(749)246-2884,Hd1WykF0qz7S,2000,Male,TRUE
504,Maloney,Eoghan Oakley,Eoghan Oakley.Maloney@live.com,Mobile,7-(255)656-9377,yY3GwYcI,1953,Male,TRUE
505,Shannon,Daire,Daire.Shannon@nsw.gov.au,Mobile,234-(559)386-8242,k0KJOC,1968,Male,TRUE
506,Toomey,Ashlynn,Ashlynn.Toomey@usgs.gov,Mobile,86-(570)307-8751,LKra2dGqL7Ov,1983,Female,TRUE
507,Rafferty,Bridget,Bridget.Rafferty@homestead.com,Mobile,62-(184)357-6352,w80Ajqw7Nek,1985,Male,TRUE
508,McMullan,Connell,Connell.McMullan@last.fm,Mobile,62-(558)921-9362,STbaITSVDsYh,1944,Male,TRUE
509,Scanlon,Doyle,Doyle.Scanlon@forbes.com,Mobile,66-(753)993-6111,HBr3w2,1968,Male,TRUE
510,McCafferty,Blaine,Blaine.McCafferty@e-recht24.de,Mobile,62-(573)246-6503,lKJ8Y524mu,1943,Female,TRUE
511,McEvoy,Oberon,Oberon.McEvoy@yolasite.com,Mobile,675-(345)948-6366,fIfT3nENK,1949,Female,TRUE
512,Hickey,Clodagh,Clodagh.Hickey@phpbb.com,Mobile,386-(555)320-4690,IP2LCkYUbvp,2001,Female,TRUE
513,Adair,Calhoun,Calhoun.Adair@bizjournals.com,Mobile,62-(547)412-0167,otZBRhl,1978,Male,TRUE
514,McDonagh,Octavia,Octavia.McDonagh@fda.gov,Mobile,56-(349)742-7562,GcBTUn,1965,Male,TRUE
515,Scanlon,Elva,Elva.Scanlon@redcross.org,Mobile,92-(927)339-0501,UxUgroDJMrj9,1948,Male,TRUE
516,Hanna,Elva,Elva.Hanna@addtoany.com,Mobile,86-(122)999-8445,bmKFQC2LL,1992,Male,TRUE
517,Mulligan,Cierra,Cierra.Mulligan@europa.eu,Mobile,44-(217)688-5626,EM3pkYjaOZb2,1955,Female,TRUE
518,Mullan,Clancy,Clancy.Mullan@bigcartel.com,Mobile,382-(437)727-8891,EqcMXSvHOl9,1986,Female,TRUE
519,Cash,Clodagh,Clodagh.Cash@pagesperso-orange.fr,Mobile,86-(974)797-5449,apUQpxba5N,1959,Female,TRUE
520,McHale,Casey,Casey.McHale@dropbox.com,Mobile,62-(971)617-9265,2yr34s,1955,Male,TRUE
521,Shannon,Enya,Enya.Shannon@ucla.edu,Mobile,33-(972)202-0259,zOZuCV2l3,1968,Male,TRUE
522,Dougan,Awnan,Awnan.Dougan@dmoz.org,Mobile,81-(304)880-7322,OXeW8lJ6EdK5,1988,Male,TRUE
523,McGlinchey,Enya,Enya.McGlinchey@mac.com,Mobile,380-(352)196-1919,aki8iF,1943,Female,TRUE
524,O'Donnell,Daire,Daire.O'Donnell@reference.com,Mobile,1-(713)328-5318,BOtQySRBe4,1950,Male,TRUE
525,Finnegan,Darby,Darby.Finnegan@berkeley.edu,Mobile,57-(762)937-0790,IGGuVmdFJ,1971,Female,TRUE
526,McAleese,Darby,Darby.McAleese@123-reg.co.uk,Mobile,92-(585)226-1978,qjt29HFl,1940,Female,TRUE
527,Toole,Blaine,Blaine.Toole@mozilla.org,Mobile,420-(638)298-3671,vjTKPklmi,1947,Female,TRUE
528,Maloney,Bryden,Bryden.Maloney@google.ru,Mobile,33-(604)865-3451,pPetezn,1965,Male,TRUE
529,Ahern,Dwayne,Dwayne.Ahern@census.gov,Mobile,33-(376)234-6569,XMuP2Nc,1952,Female,TRUE
530,Hannigan,Ashlynn,Ashlynn.Hannigan@angelfire.com,Mobile,86-(463)136-6064,TburW9C3xE,1996,Female,TRUE
531,Cleary,Daire,Daire.Cleary@godaddy.com,Mobile,371-(400)625-9954,6GSAxlL,1984,Male,TRUE
532,McCafferty,Darby,Darby.McCafferty@nytimes.com,Mobile,382-(467)699-0630,zTgkXV1d,1956,Female,TRUE
533,Finn,Connell,Connell.Finn@jugem.jp,Mobile,234-(124)871-4954,8p1Q72toZ,1940,Male,TRUE
534,Morrow,Odele,Odele.Morrow@sakura.ne.jp,Mobile,62-(722)568-3506,teQpxZI02jZj,1971,Male,TRUE
535,O'Neill,Obadiah,Obadiah.O'Neill@gov.uk,Mobile,51-(632)232-9525,2ayoeNw,1983,Female,TRUE
536,Garvey,Cagney,Cagney.Garvey@weibo.com,Mobile,62-(499)556-1043,8GG9hpzPyt,1951,Male,TRUE
537,McCartan,Bryden,Bryden.McCartan@springer.com,Mobile,7-(828)872-6463,wG6M1OHlg,1984,Male,TRUE
538,Geoghegan,Obed,Obed.Geoghegan@nbcnews.com,Mobile,598-(814)450-7609,aRYo5icVUYX,1959,Male,TRUE
539,Rafferty,Cormac,Cormac.Rafferty@senate.gov,Mobile,33-(693)635-1544,iUuz3DKDB7P,1959,Male,TRUE
540,McParland,Odyssey,Odyssey.McParland@jimdo.com,Mobile,381-(389)843-2502,KcmhVN0CIdZu,1976,Male,TRUE
541,Grady,Oceana,Oceana.Grady@utexas.edu,Mobile,33-(459)311-4577,gZKn428IgZ,2002,Male,TRUE
542,McGlinchey,Obadiah,Obadiah.McGlinchey@comcast.net,Mobile,86-(226)253-6482,LVdc87a1lu,2000,Female,TRUE
543,Toner,Ogden,Ogden.Toner@linkedin.com,Mobile,86-(154)374-6259,H3MxyqH,1977,Female,TRUE
544,Mellon,Ailbhe,Ailbhe.Mellon@yahoo.com,Mobile,7-(439)239-8569,iTNHbz8Y3,1986,Female,TRUE
545,Harte,Clodagh,Clodagh.Harte@weebly.com,Mobile,46-(486)525-0718,rgONAQQM,1981,Female,TRUE
546,Corcoran,Awnan,Awnan.Corcoran@plala.or.jp,Mobile,370-(152)672-0376,JsKDgqgY0OqQ,1959,Female,TRUE
547,McKillop,Doyle,Doyle.McKillop@twitter.com,Mobile,256-(773)731-2901,fy5QJkcl,1967,Male,TRUE
548,Clancy,Beckett,Beckett.Clancy@tumblr.com,Mobile,55-(154)508-0079,aisZaICBn3MF,1955,Male,TRUE
549,Sheehan,Cassidy,Cassidy.Sheehan@hud.gov,Mobile,64-(182)577-6280,JgXYOM,1940,Male,TRUE
550,Hannigan,Oceana,Oceana.Hannigan@disqus.com,Mobile,86-(728)970-4266,VxEFVV,1960,Female,TRUE
551,Brannan,Dacey,Dacey.Brannan@friendfeed.com,Mobile,48-(827)881-7928,rCKvI8v,2004,Male,TRUE
552,Gormley,Cormac,Cormac.Gormley@pcworld.com,Mobile,7-(461)395-1969,OwyTe9r,1967,Female,TRUE
553,Kilpatrick,Aislinn,Aislinn.Kilpatrick@angelfire.com,Mobile,223-(961)293-6320,hWAHuoZ,2005,Female,TRUE
554,Mellon,Assumpta,Assumpta.Mellon@google.com.au,Mobile,86-(579)511-7175,4hzoXO4,1966,Male,TRUE
555,Gormley,Brianna,Brianna.Gormley@go.com,Mobile,86-(657)322-2302,qyMg1B7XHf,1997,Female,TRUE
556,McQuillan,Eoghan Oakley,Eoghan Oakley.McQuillan@weibo.com,Mobile,7-(482)735-5877,ZcbapdTD,1955,Male,TRUE
557,McCloskey,Enya,Enya.McCloskey@stumbleupon.com,Mobile,351-(424)246-9799,3q9EXvCF,1977,Male,TRUE
558,McCourt,Bannon,Bannon.McCourt@blog.com,Mobile,1-(170)459-1824,dXtVs3j,1993,Female,TRUE
559,Keane,Odele,Odele.Keane@csmonitor.com,Mobile,86-(535)690-9942,SuGwkNvx,1990,Female,TRUE
560,Rafferty,Bridget,Bridget.Rafferty@bravesites.com,Mobile,81-(369)563-9392,e0LifMtq,1990,Male,TRUE
561,Sheehan,Clodagh,Clodagh.Sheehan@sina.com.cn,Mobile,86-(753)610-8069,4ECfAGjL,1940,Male,TRUE
562,McGlone,Oberon,Oberon.McGlone@mozilla.com,Mobile,386-(332)553-6344,ReKxXAkmHtUE,1962,Male,TRUE
563,Crilly,Aislinn,Aislinn.Crilly@msu.edu,Mobile,58-(580)976-6965,n6R7u7Cpif,1955,Male,TRUE
564,McColgan,Bannon,Bannon.McColgan@go.com,Mobile,1-(229)986-9749,H0ZXrw,1955,Male,TRUE
565,O'Brien,Oisin,Oisin.O'Brien@nydailynews.com,Mobile,62-(392)415-0667,oFkf0nt4,1956,Male,TRUE
566,McCartney,Colleen,Colleen.McCartney@reverbnation.com,Mobile,55-(282)407-8604,4i6sXbXqrl,1950,Male,TRUE
567,Adair,Brianna,Brianna.Adair@jalbum.net,Mobile,63-(676)729-1801,fygLQK3uwF,1953,Male,TRUE
568,McCloskey,Devyn,Devyn.McCloskey@blinklist.com,Mobile,55-(806)829-7322,TQjghQUC,1998,Female,TRUE
569,Maloney,Eagan,Eagan.Maloney@i2i.jp,Mobile,63-(413)278-2254,oBIipSz,1973,Female,TRUE
570,Killeen,Connell,Connell.Killeen@fda.gov,Mobile,7-(380)371-6180,vjEnBIQ6,1993,Female,TRUE
571,Kilpatrick,Brianna,Brianna.Kilpatrick@discuz.net,Mobile,48-(865)404-9493,q4cYDw,1962,Male,TRUE
572,Shannon,Ailbhe,Ailbhe.Shannon@latimes.com,Mobile,86-(139)745-7848,R7TTDe,1997,Female,TRUE
573,McColgan,Ailbhe,Ailbhe.McColgan@gizmodo.com,Mobile,48-(106)900-5859,JaPiH1iRPp8,1997,Male,TRUE
574,Mullan,Eileen,Eileen.Mullan@smh.com.au,Mobile,351-(229)380-7544,nqovBzAKio,2004,Male,TRUE
575,Morrow,Eoghan Oakley,Eoghan Oakley.Morrow@slideshare.net,Mobile,86-(331)239-9225,hgRSCrLZX,2001,Female,TRUE
576,Kerrigan,Cassidy,Cassidy.Kerrigan@sfgate.com,Mobile,1-(672)426-9834,ZHSIdTpWC,1999,Male,TRUE
577,Tweed,Doreen,Doreen.Tweed@bandcamp.com,Mobile,351-(535)425-4187,TWlVm3EeP,1946,Male,TRUE
578,Kinsella,Devyn,Devyn.Kinsella@scribd.com,Mobile,506-(245)166-2457,BsnneU,1971,Female,TRUE
579,McKinney,Dacey,Dacey.McKinney@goo.gl,Mobile,44-(252)541-8548,JuzWb4GP,1955,Male,TRUE
580,Trimble,Brogan,Brogan.Trimble@printfriendly.com,Mobile,33-(980)897-6646,bh7puB,1996,Female,TRUE
581,Hoy,Casey,Casey.Hoy@myspace.com,Mobile,62-(544)932-2701,wO69AFxVEp0A,1998,Male,TRUE
582,McAuley,Egan,Egan.McAuley@census.gov,Mobile,54-(228)426-6021,JgAWTFS,1959,Female,TRUE
583,Deegan,Obama,Obama.Deegan@reddit.com,Mobile,62-(508)177-9028,CSF4Vg68,1948,Female,TRUE
584,McGovern,Octave,Octave.McGovern@slideshare.net,Mobile,54-(553)245-5215,eysOzqlK2,1957,Female,TRUE
585,O'Neill,Bannon,Bannon.O'Neill@dell.com,Mobile,7-(258)683-3971,15O0M8J,1980,Female,TRUE
586,Brogan,Cierra,Cierra.Brogan@vimeo.com,Mobile,92-(793)239-4570,hjewxEmR,2000,Male,TRUE
587,McClean,Bannon,Bannon.McClean@delicious.com,Mobile,216-(878)713-1624,lTt677bf,2004,Female,TRUE
588,Lydon,Dermot,Dermot.Lydon@linkedin.com,Mobile,56-(636)596-0740,9bGuFGy,1997,Female,TRUE
589,Cleary,Octave,Octave.Cleary@un.org,Mobile,81-(131)870-4309,71NC66Rfp,1940,Male,TRUE
590,McSweeney,Odile,Odile.McSweeney@un.org,Mobile,86-(586)670-5024,OMrgAdCVa,1982,Male,TRUE
591,McDonagh,Ciaran,Ciaran.McDonagh@independent.co.uk,Mobile,253-(985)974-3765,BiePoJ,1946,Female,TRUE
592,Fay,Cormac,Cormac.Fay@plala.or.jp,Mobile,86-(506)614-3854,dEnRnyhRs628,1960,Male,TRUE
593,McGlinchey,Bryden,Bryden.McGlinchey@statcounter.com,Mobile,62-(101)859-4627,skP5Cw,1965,Female,TRUE
594,Lawlor,Odyssey,Odyssey.Lawlor@jimdo.com,Mobile,62-(779)706-1896,47n5kS3yyVat,1981,Female,TRUE
595,Stack,Art,Art.Stack@miitbeian.gov.cn,Mobile,7-(682)141-4072,v1NM2O9,1995,Female,TRUE
596,Gilmartin,Callahan Case,Callahan Case.Gilmartin@diigo.com,Mobile,92-(601)958-1624,xeAFZtFOzV,1992,Female,TRUE
597,Scully,Dwayne,Dwayne.Scully@tripod.com,Mobile,964-(561)858-8273,xWMiVQlboPxZ,1977,Female,TRUE
598,Killeen,Connor,Connor.Killeen@altervista.org,Mobile,86-(321)736-4187,Zce1uJIAzg,1956,Male,TRUE
599,Keys,Oisin,Oisin.Keys@ebay.com,Mobile,86-(851)296-0291,Dv1uXX5Y95,2003,Female,TRUE
600,McDonagh,Bridget,Bridget.McDonagh@goo.ne.jp,Mobile,86-(156)354-6473,d8u4OxZFSOB,1996,Female,TRUE
601,Dougan,Coby,Coby.Dougan@wired.com,Mobile,86-(896)788-0974,xV5FpIo,1986,Male,TRUE
602,Toner,Eileen,Eileen.Toner@wikimedia.org,Mobile,7-(296)166-3459,AdHOqf27x,2000,Male,TRUE
603,Deegan,Odile,Odile.Deegan@vistaprint.com,Mobile,62-(763)418-6045,Zr9rLmtkmx59,2005,Female,TRUE
604,Lawlor,Octave,Octave.Lawlor@webs.com,Mobile,358-(217)173-7375,MVxqEFwHYO,1965,Female,TRUE
605,Bergin,Clodagh,Clodagh.Bergin@eepurl.com,Mobile,420-(168)168-7932,zz5iqYG5,1981,Male,TRUE
606,Quigley,Deidre,Deidre.Quigley@unesco.org,Mobile,880-(464)125-0993,nWFG97hlHbFy,1975,Female,TRUE
607,Toomey,Cierra,Cierra.Toomey@tripadvisor.com,Mobile,86-(912)166-7606,0WBDcJlP,1946,Female,TRUE
608,Mahoney,Deidre,Deidre.Mahoney@newsvine.com,Mobile,253-(493)441-1577,iK4HogIOhp6,2003,Male,TRUE
609,McGlone,Odyssey,Odyssey.McGlone@ameblo.jp,Mobile,62-(513)705-6989,hL1wd49U0QQ,1986,Male,TRUE
610,McDonagh,Declan,Declan.McDonagh@un.org,Mobile,86-(693)344-6726,QsNCBcl2SEWT,1995,Female,TRUE
611,Keating,Egan,Egan.Keating@walmart.com,Mobile,33-(578)126-0652,964uks,2003,Male,TRUE
612,Morrow,Assumpta,Assumpta.Morrow@webeden.co.uk,Mobile,86-(871)654-4391,8PI21M5j4z,1970,Female,TRUE
613,Fay,Eibhlín,Eibhlín.Fay@over-blog.com,Mobile,387-(557)854-2960,dUT6zKu0WyU,1943,Male,TRUE
614,Trimble,Ciara,Ciara.Trimble@newsvine.com,Mobile,880-(435)451-1748,tBniTg,1977,Male,TRUE
615,Kearney,Casey,Casey.Kearney@mail.ru,Mobile,212-(661)715-6908,qLzlPorJv,1978,Female,TRUE
616,Coy,Ashlynn,Ashlynn.Coy@fda.gov,Mobile,86-(734)479-7640,PYruVR,1995,Female,TRUE
617,Carrigan,Eibhlín,Eibhlín.Carrigan@globo.com,Mobile,86-(247)527-6063,jAKlT1gV5OoN,1948,Male,TRUE
618,Gleeson,Ogden,Ogden.Gleeson@examiner.com,Mobile,86-(341)472-7893,JbXL3jLiAT,1991,Female,TRUE
619,Ahern,Doyle,Doyle.Ahern@blogtalkradio.com,Mobile,86-(968)600-7021,TLhaz8ZNcOr,1964,Male,TRUE
620,Hamill,Declan,Declan.Hamill@archive.org,Mobile,967-(109)591-7923,tV6w4IG79wx,1994,Male,TRUE
621,Toole,Darcy Darragh,Darcy Darragh.Toole@bigcartel.com,Mobile,86-(934)377-1457,XwlEt0D1PDm,1967,Female,TRUE
622,Mahoney,Dacey,Dacey.Mahoney@prlog.org,Mobile,380-(419)591-2387,W88IQtY,1990,Male,TRUE
623,McMullen,Coby,Coby.McMullen@dropbox.com,Mobile,86-(202)722-5014,3BR4bIyS,1940,Female,TRUE
624,Grady,Cagney,Cagney.Grady@people.com.cn,Mobile,7-(753)213-1562,kLXAyI4oIy,1956,Female,TRUE
625,Gilmartin,Brady,Brady.Gilmartin@edublogs.org,Mobile,46-(536)406-4507,QTDoGBrRC7SF,1948,Female,TRUE
626,McGlinchey,Ashlynn,Ashlynn.McGlinchey@canalblog.com,Mobile,86-(961)376-7416,4XdgciHefrg3,1954,Female,TRUE
627,McDowell,Connell,Connell.McDowell@fotki.com,Mobile,86-(823)533-2403,NB6lPX,1994,Male,TRUE
628,Lennon,Oksana,Oksana.Lennon@npr.org,Mobile,33-(290)323-0046,PSowLK,1954,Female,TRUE
629,Morrissey,Elva,Elva.Morrissey@so-net.ne.jp,Mobile,34-(870)356-5667,ybtEOFu2z2,1986,Male,TRUE
630,Fee,Enya,Enya.Fee@wikipedia.org,Mobile,52-(120)357-5767,TxSv32B,1989,Male,TRUE
631,Tynan,Cormac,Cormac.Tynan@imageshack.us,Mobile,386-(667)101-2738,hwSERJ7,1964,Male,TRUE
632,Kinsella,Cathleen,Cathleen.Kinsella@home.pl,Mobile,961-(360)370-4489,XPm3oK0riR,1999,Male,TRUE
633,Coy,Assumpta,Assumpta.Coy@posterous.com,Mobile,351-(836)193-5385,8cj36I0PcQUB,1941,Female,TRUE
634,Dougan,Aislinn,Aislinn.Dougan@plala.or.jp,Mobile,63-(998)844-6474,7oiTyQm,1994,Male,TRUE
635,Cronin,Cassidy,Cassidy.Cronin@wisc.edu,Mobile,57-(740)549-4411,9u3Px0qR4qY,1969,Male,TRUE
636,Killeen,Delaney,Delaney.Killeen@arstechnica.com,Mobile,86-(399)990-9256,BgpJX5AmO2a,1989,Male,TRUE
637,Cash,Brea,Brea.Cash@dot.gov,Mobile,216-(343)301-6841,L5XGC2co,1951,Female,TRUE
638,Nugent,Oberon,Oberon.Nugent@plala.or.jp,Mobile,1-(532)996-0457,TQgNVioVl,1962,Female,TRUE
639,Grady,Odyssey,Odyssey.Grady@yahoo.co.jp,Mobile,62-(964)150-7113,quWFcc7rRTWR,1983,Male,TRUE
640,Harkin,Brea,Brea.Harkin@yellowpages.com,Mobile,977-(404)631-5174,fXobfMN0pc2v,1982,Female,TRUE
641,Caffrey,Connell,Connell.Caffrey@mac.com,Mobile,54-(447)813-8199,6FtPNunAwIaQ,2000,Male,TRUE
642,McGee,Devyn,Devyn.McGee@joomla.org,Mobile,62-(854)432-4142,JXMvdIksbebq,1950,Male,TRUE
643,Aiken,Octavia,Octavia.Aiken@smugmug.com,Mobile,51-(524)368-4165,lK9wYtQZa7ID,1997,Female,TRUE
644,McGarvey,Enya,Enya.McGarvey@goo.ne.jp,Mobile,52-(957)484-3033,p7tZ7RYb,1996,Male,TRUE
645,Hanrahan,Dacey,Dacey.Hanrahan@jalbum.net,Mobile,216-(406)855-9915,aLuWAk,1962,Female,TRUE
646,McAleese,Cathleen,Cathleen.McAleese@photobucket.com,Mobile,81-(188)676-9015,lMcP7IuXY,1998,Male,TRUE
647,Mannion,Art,Art.Mannion@wp.com,Mobile,46-(744)716-7990,JOegaYcZi,2003,Male,TRUE
648,Nugent,Darcy Darragh,Darcy Darragh.Nugent@si.edu,Mobile,351-(732)520-3383,llFfRQ,1963,Male,TRUE
649,McKinney,Oksana,Oksana.McKinney@163.com,Mobile,380-(632)313-5282,mvX8hcZ,1957,Male,TRUE
650,Enright,Bryden,Bryden.Enright@qq.com,Mobile,63-(226)819-7049,p0rddF,1943,Male,TRUE
651,Keys,Odelia,Odelia.Keys@ameblo.jp,Mobile,48-(605)611-0194,5pPF8tWc,1979,Female,TRUE
652,Loughran,Eoghan Oakley,Eoghan Oakley.Loughran@deliciousdays.com,Mobile,58-(962)623-7858,XoQOt7yV,1950,Female,TRUE
653,Crilly,Bannon,Bannon.Crilly@domainmarket.com,Mobile,81-(508)705-7852,avCOm0pLVeU,2004,Male,TRUE
654,Hamill,Devin,Devin.Hamill@nymag.com,Mobile,81-(870)928-1577,r5Dr5Pf,1975,Female,TRUE
655,Hanrahan,Ciara,Ciara.Hanrahan@addthis.com,Mobile,420-(284)366-4545,KzXcYz4kH,1960,Male,TRUE
656,Lambe,Declan,Declan.Lambe@tamu.edu,Mobile,62-(112)128-8196,JlqMXguHbAA,1968,Female,TRUE
657,McMullen,Casey,Casey.McMullen@intel.com,Mobile,98-(249)657-9742,ePm8xUyxFa0r,1948,Male,TRUE
658,Cahill,Art,Art.Cahill@twitpic.com,Mobile,380-(141)559-8399,iBYAcVyqnuWb,1950,Male,TRUE
659,Fitzsimmons,Cassidy,Cassidy.Fitzsimmons@homestead.com,Mobile,358-(102)518-1124,8ecACd,1994,Male,TRUE
660,Lennon,Octavia,Octavia.Lennon@ycombinator.com,Mobile,86-(651)983-9557,0Gfpv0K0Jit6,2000,Female,TRUE
661,Magill,Adyn,Adyn.Magill@tripod.com,Mobile,86-(311)312-4524,PW324QsBxR,1955,Male,TRUE
662,Rainey,Devin,Devin.Rainey@apache.org,Mobile,351-(583)806-8373,H2kAQoP,1940,Female,TRUE
663,McGarvey,Casey,Casey.McGarvey@sogou.com,Mobile,235-(756)222-0954,FT0wnQ,1996,Male,TRUE
664,Roche,Enya,Enya.Roche@sciencedaily.com,Mobile,351-(160)883-0144,GAwpxiBI,1995,Female,TRUE
665,Fanning,Ailbhe,Ailbhe.Fanning@livejournal.com,Mobile,90-(292)897-4655,zG3uidCrIG5f,1958,Female,TRUE
666,Lemon,Darby,Darby.Lemon@vkontakte.ru,Mobile,98-(412)901-7672,GuGFCRxHl,1996,Male,TRUE
667,Lambe,Cormac,Cormac.Lambe@mozilla.org,Mobile,1-(352)905-1905,s1Xis1Jo5Vh1,1971,Female,TRUE
668,Keating,Oceana,Oceana.Keating@youtu.be,Mobile,221-(161)902-5995,xDRi3y,1975,Female,TRUE
669,Phelan,Eoghan Oakley,Eoghan Oakley.Phelan@squarespace.com,Mobile,63-(122)701-9915,lVqxwudto,1972,Male,TRUE
670,Trimble,Oisin,Oisin.Trimble@addtoany.com,Mobile,62-(876)231-9541,HGzfrxafe,1957,Male,TRUE
671,Clancy,Casey,Casey.Clancy@tripod.com,Mobile,1-(113)533-3669,8wG430sOxr,1981,Male,TRUE
672,Tynan,Brianna,Brianna.Tynan@posterous.com,Mobile,54-(164)418-0136,nUvcpDQ07N,1975,Female,TRUE
673,McCloskey,Brady,Brady.McCloskey@nydailynews.com,Mobile,46-(561)479-9767,cJjSkhTF,1946,Female,TRUE
674,Neeson,Bannon,Bannon.Neeson@bigcartel.com,Mobile,60-(809)153-4678,0Lhx2DW,1977,Male,TRUE
675,Neeson,Obijulu,Obijulu.Neeson@people.com.cn,Mobile,62-(204)201-8835,WiGeE14UmGE,1997,Female,TRUE
676,Enright,Eibhlín,Eibhlín.Enright@amazon.co.jp,Mobile,7-(638)170-8888,Cy5zeg,2005,Male,TRUE
677,Loughran,Bryden,Bryden.Loughran@weebly.com,Mobile,33-(536)638-9136,Y0y8Zf,2001,Male,TRUE
678,Cleary,Dwayne,Dwayne.Cleary@oakley.com,Mobile,86-(260)534-8802,VIglPiOOx,1963,Male,TRUE
679,McMullen,Oberon,Oberon.McMullen@dell.com,Mobile,46-(698)466-8300,2GcDOmz9So,2004,Male,TRUE
680,McDonagh,Brea,Brea.McDonagh@wix.com,Mobile,55-(228)775-6867,zqQ6k2bFo,1974,Male,TRUE
681,McCafferty,Odele,Odele.McCafferty@unblog.fr,Mobile,63-(433)680-6970,kLIjMCbW63d,1962,Male,TRUE
682,McNamara,Ciara,Ciara.McNamara@usa.gov,Mobile,7-(397)885-2279,huMTm22pA6hp,1964,Male,TRUE
683,McGarvey,Odina,Odina.McGarvey@godaddy.com,Mobile,66-(128)130-6000,5NO0bh,1952,Female,TRUE
684,Fee,Dempsey,Dempsey.Fee@cmu.edu,Mobile,57-(284)627-9197,F7j0rnwk,1984,Female,TRUE
685,Cash,Coby,Coby.Cash@wikimedia.org,Mobile,66-(527)867-5490,hgbElz,1952,Female,TRUE
686,O'Brien,Enya,Enya.O'Brien@google.co.uk,Mobile,7-(898)770-8830,YxyUfRhW,2005,Male,TRUE
687,Carolan,Doreen,Doreen.Carolan@dell.com,Mobile,86-(233)169-2979,JdMGOl4BPf,1958,Male,TRUE
688,Killeen,Bannon,Bannon.Killeen@mlb.com,Mobile,63-(103)979-8690,d78z1h,1992,Female,TRUE
689,Hoy,Connell,Connell.Hoy@liveinternet.ru,Mobile,86-(532)353-8496,bxitZql186B5,1968,Female,TRUE
690,Cahill,Ashlynn,Ashlynn.Cahill@nih.gov,Mobile,220-(707)968-1861,uWJGIQ,1975,Male,TRUE
691,Enright,Callahan Case,Callahan Case.Enright@newsvine.com,Mobile,86-(265)752-8961,rjO8X4zKakU,2001,Female,TRUE
692,Corrigan,Obadiah,Obadiah.Corrigan@unesco.org,Mobile,30-(137)709-4939,d3vnsa,1947,Male,TRUE
693,Aiken,Brea,Brea.Aiken@gravatar.com,Mobile,86-(762)767-7437,aexl8h,1961,Female,TRUE
694,O'Neill,Oberon,Oberon.O'Neill@prnewswire.com,Mobile,86-(999)374-1115,oX1Pl2Owod,1969,Male,TRUE
695,O'Donnell,Odyssey,Odyssey.O'Donnell@statcounter.com,Mobile,220-(157)835-4432,SoDAPAl5K,1941,Female,TRUE
696,Gilfillan,Egan,Egan.Gilfillan@businessinsider.com,Mobile,62-(879)985-0484,BgtqqogCy9bo,1972,Female,TRUE
697,McMullen,Brady,Brady.McMullen@cpanel.net,Mobile,222-(884)379-3999,1K7YgXPnBLNA,1986,Female,TRUE
698,Quigley,Eamon,Eamon.Quigley@admin.ch,Mobile,7-(415)294-1718,yqb3lOfxA2Yi,1989,Female,TRUE
699,Lemon,Cassidy,Cassidy.Lemon@photobucket.com,Mobile,51-(166)100-9035,Cx3QkHroo,1979,Male,TRUE
700,Keane,Ciara,Ciara.Keane@ycombinator.com,Mobile,1-(208)278-9020,WIT7UNG,1997,Female,TRUE
701,Harkin,Darcy Darragh,Darcy Darragh.Harkin@indiatimes.com,Mobile,352-(900)551-5623,RgWjfy,1954,Female,TRUE
702,Curtin,Dermot,Dermot.Curtin@usda.gov,Mobile,51-(827)825-9797,T5YwXXLSQggv,1944,Male,TRUE
703,Harkin,Desmond,Desmond.Harkin@eepurl.com,Mobile,218-(736)264-7187,fSJu3DX2,2005,Male,TRUE
704,Breen,Desmond,Desmond.Breen@51.la,Mobile,48-(334)324-7778,yxxAPUeo,1977,Female,TRUE
705,Gilfillan,Aislinn,Aislinn.Gilfillan@php.net,Mobile,30-(198)346-4200,p7Cf1ol,2001,Male,TRUE
706,McGarvey,Egan,Egan.McGarvey@addthis.com,Mobile,86-(862)309-5532,BqwBGPoh,1994,Male,TRUE
707,Murdock,Darby,Darby.Murdock@tinypic.com,Mobile,63-(401)288-7288,p1Bd9OB7kwx,1977,Male,TRUE
708,Leahy,Oksana,Oksana.Leahy@wikimedia.org,Mobile,63-(954)915-0821,bIGIsDAoo7,1980,Male,TRUE
709,Brogan,Eagan,Eagan.Brogan@epa.gov,Mobile,258-(250)227-6013,IvpriVOc,1944,Female,TRUE
710,Rafferty,Octavia,Octavia.Rafferty@who.int,Mobile,63-(102)900-3354,Gg83OcRwC,1954,Female,TRUE
711,Lambe,Octave,Octave.Lambe@noaa.gov,Mobile,86-(482)719-8683,OICYRKJfoLM,1963,Male,TRUE
712,McAleese,Bryden,Bryden.McAleese@github.io,Mobile,1-(808)798-0460,vDEbda2G,1953,Male,TRUE
713,Kearney,Colleen,Colleen.Kearney@clickbank.net,Mobile,48-(737)874-7477,anzOE43,1992,Female,TRUE
714,Cronin,Aislinn,Aislinn.Cronin@networksolutions.com,Mobile,62-(256)600-8614,Enxnkk,1979,Male,TRUE
715,Adair,Odyssey,Odyssey.Adair@joomla.org,Mobile,7-(917)529-8220,sHeVIh,1953,Male,TRUE
716,Caffrey,Ciara,Ciara.Caffrey@techcrunch.com,Mobile,86-(650)515-5124,JuuxpelhE3,1978,Male,TRUE
717,McEvoy,Desmond,Desmond.McEvoy@sun.com,Mobile,48-(310)106-8811,CN774Ehu0SP,1975,Male,TRUE
718,Neeson,Cathleen,Cathleen.Neeson@cdbaby.com,Mobile,86-(859)198-6808,r0xxB1ICz,1997,Female,TRUE
719,Hanna,Clancy,Clancy.Hanna@flavors.me,Mobile,351-(649)100-5594,t2jL0HVInT5g,2001,Male,TRUE
720,Mullan,Corey,Corey.Mullan@surveymonkey.com,Mobile,420-(965)909-5734,BaYKOHBnMJ,1940,Male,TRUE
721,Flannigan,Eamon,Eamon.Flannigan@statcounter.com,Mobile,62-(453)275-6148,7sxV7fTxa,1993,Male,TRUE
722,Clancy,Adyn,Adyn.Clancy@dot.gov,Mobile,63-(490)911-3575,eRDzuUwhhZ1h,1942,Male,TRUE
723,Morrissey,Ciaran,Ciaran.Morrissey@webnode.com,Mobile,86-(574)818-4162,RDsc0b0y8,1968,Male,TRUE
724,McDowell,Barry,Barry.McDowell@tripadvisor.com,Mobile,351-(930)818-6970,ib1K9iYYwIo,1940,Female,TRUE
725,McGuinness,Coby,Coby.McGuinness@zdnet.com,Mobile,63-(616)729-3600,2dw6RTrGONOD,1985,Male,TRUE
726,Garvey,Connell,Connell.Garvey@baidu.com,Mobile,351-(423)825-6583,0FH8YdnDS69,1977,Female,TRUE
727,Garvey,Ashlynn,Ashlynn.Garvey@constantcontact.com,Mobile,7-(341)918-4651,xQppYdQ5,1978,Female,TRUE
728,Hamill,Dempsey,Dempsey.Hamill@cocolog-nifty.com,Mobile,53-(306)303-8169,HdVuY3,1958,Female,TRUE
729,McConville,Elva,Elva.McConville@posterous.com,Mobile,351-(707)281-3410,pgUoJDsSOU,1969,Female,TRUE
730,Clancy,Delaney,Delaney.Clancy@feedburner.com,Mobile,62-(563)606-0498,knzqmd6uCNzZ,1971,Male,TRUE
731,Lemon,Ciaran,Ciaran.Lemon@craigslist.org,Mobile,86-(498)934-8179,uD8Dw4nkZ3Vz,1991,Male,TRUE
732,Murdock,Darcy Darragh,Darcy Darragh.Murdock@home.pl,Mobile,962-(974)683-9160,tdiATEcTtR,1998,Male,TRUE
733,McMullen,Obadiah,Obadiah.McMullen@g.co,Mobile,52-(124)732-1326,ZhFUwRxX,1976,Female,TRUE
734,Keys,Cian,Cian.Keys@bbb.org,Mobile,420-(746)607-0110,VJ0CvjMvd5,1964,Male,TRUE
735,McClean,Ciara,Ciara.McClean@hao123.com,Mobile,86-(747)297-6613,hvE5onYf,1994,Male,TRUE
736,Rainey,Callahan Case,Callahan Case.Rainey@ibm.com,Mobile,86-(137)944-3488,fEpqANEu0iZ,2001,Female,TRUE
737,Kearney,Assumpta,Assumpta.Kearney@ca.gov,Mobile,55-(418)128-4796,0xga4sVP,1953,Female,TRUE
738,Fitzsimmons,Eibhlín,Eibhlín.Fitzsimmons@cdbaby.com,Mobile,63-(301)530-7419,Y12yXvW,1944,Female,TRUE
739,Flannigan,Dempsey,Dempsey.Flannigan@google.es,Mobile,20-(441)817-0371,yK0TSSUECucC,1942,Female,TRUE
740,Fitzsimmons,Obijulu,Obijulu.Fitzsimmons@exblog.jp,Mobile,57-(307)827-2585,yhG6j0V,1976,Male,TRUE
741,Geoghegan,Connor,Connor.Geoghegan@bloomberg.com,Mobile,1-(505)401-6778,09av8TWk0T,1972,Male,TRUE
742,Gilchrist,Connor,Connor.Gilchrist@icq.com,Mobile,691-(429)468-3721,j8tm6Xh5R,1989,Male,TRUE
743,Carolan,Barry,Barry.Carolan@bloomberg.com,Mobile,86-(646)840-2197,s7vkdRsr20,1953,Female,TRUE
744,Neill,Cian,Cian.Neill@163.com,Mobile,370-(997)653-2938,AyrdG9,1977,Male,TRUE
745,McCracken,Cassidy,Cassidy.McCracken@patch.com,Mobile,502-(182)874-7283,jjbQbvyxf,1946,Male,TRUE
746,Hynes,Odile,Odile.Hynes@devhub.com,Mobile,62-(847)618-1044,Xk0bX1UNN,1960,Male,TRUE
747,Crooks,Eamon,Eamon.Crooks@earthlink.net,Mobile,84-(934)816-8676,5Ficrow3S,1967,Male,TRUE
748,Corcoran,Cormac,Cormac.Corcoran@shinystat.com,Mobile,245-(861)833-8764,5lupkCGKMsvr,1959,Female,TRUE
749,Hanrahan,Ciaran,Ciaran.Hanrahan@surveymonkey.com,Mobile,86-(140)898-4478,sPyQfh55m,1976,Female,TRUE
750,Finn,Oisin,Oisin.Finn@answers.com,Mobile,7-(249)523-6218,holuckHxv4FU,2004,Female,TRUE
751,Doughty,Coby,Coby.Doughty@example.com,Mobile,55-(136)910-3104,fnT0VwQ41,1999,Male,TRUE
752,Hoy,Ailbhe,Ailbhe.Hoy@stanford.edu,Mobile,351-(915)302-3778,pmFiE28aF,1978,Female,TRUE
753,Kerrigan,Dempsey,Dempsey.Kerrigan@histats.com,Mobile,55-(137)620-1331,8NrXe1Q3LE,1956,Female,TRUE
754,Curtin,Odyssey,Odyssey.Curtin@umn.edu,Mobile,86-(918)718-9704,MT2zuZVE,1946,Male,TRUE
755,Killeen,Obijulu,Obijulu.Killeen@surveymonkey.com,Mobile,7-(730)522-4039,5rCkkO13,1986,Male,TRUE
756,Grogan,Doyle,Doyle.Grogan@accuweather.com,Mobile,62-(108)874-1876,QvSUH4wASXB,1998,Male,TRUE
757,McGarvey,Dermot,Dermot.McGarvey@uiuc.edu,Mobile,976-(413)776-5699,jrkn1KRFXg,1946,Male,TRUE
758,Aiken,Egan,Egan.Aiken@altervista.org,Mobile,359-(180)687-5665,3EafszGZ,1971,Male,TRUE
759,Neeson,Odele,Odele.Neeson@storify.com,Mobile,1-(434)741-4611,NT5C3ZPL,1944,Female,TRUE
760,Mellon,Ailbhe,Ailbhe.Mellon@pbs.org,Mobile,389-(311)581-0336,0aFLIluD8g,1965,Male,TRUE
761,McCourt,Calhoun,Calhoun.McCourt@alexa.com,Mobile,1-(814)590-4383,AEGDKvw,1993,Female,TRUE
762,Hanna,Octave,Octave.Hanna@hibu.com,Mobile,66-(956)535-1093,2gH059h3,1996,Male,TRUE
763,Gilmartin,Doreen,Doreen.Gilmartin@shutterfly.com,Mobile,7-(985)453-8101,2kSpjNm,1958,Male,TRUE
764,McCourt,Corey,Corey.McCourt@icq.com,Mobile,63-(761)606-5818,XrHrhuRS,1973,Male,TRUE
765,Toomey,Callahan Case,Callahan Case.Toomey@homestead.com,Mobile,63-(499)156-0445,YwZ8rCylbR,1961,Male,TRUE
766,Caffrey,Odette,Odette.Caffrey@ning.com,Mobile,62-(641)275-7546,Ae22E7,1953,Female,TRUE
767,Geoghegan,Octavia,Octavia.Geoghegan@hp.com,Mobile,86-(653)916-0751,UxeiOcAcQ,1982,Female,TRUE
768,Mulligan,Connor,Connor.Mulligan@mozilla.com,Mobile,58-(146)533-4469,GvXFpA,1952,Male,TRUE
769,McCloskey,Declan,Declan.McCloskey@soundcloud.com,Mobile,420-(625)804-0112,dUPnyyPN7,1952,Male,TRUE
770,Grady,Brogan,Brogan.Grady@reference.com,Mobile,55-(793)516-9193,UB7sd4UAEJ,1977,Female,TRUE
771,Deegan,Connor,Connor.Deegan@gmpg.org,Mobile,250-(996)256-3579,iwqa4BVRqF,1973,Male,TRUE
772,Rainey,Odessa,Odessa.Rainey@flavors.me,Mobile,351-(315)360-8490,LI1EQ3AE,1961,Female,TRUE
773,McSweeney,Eamon,Eamon.McSweeney@fotki.com,Mobile,234-(695)436-8876,4OPD9leWGMNz,1992,Male,TRUE
774,Hanna,Cormac,Cormac.Hanna@nhs.uk,Mobile,62-(757)272-4272,dpBDw1,1944,Male,TRUE
775,Aiken,Callahan Case,Callahan Case.Aiken@nationalgeographic.com,Mobile,380-(943)794-5820,70bCkp,2000,Female,TRUE
776,Tierney,Obed,Obed.Tierney@t.co,Mobile,380-(889)100-7416,L2yKoGes,1978,Male,TRUE
777,Tierney,Darcy Darragh,Darcy Darragh.Tierney@house.gov,Mobile,351-(343)892-6009,7aTTfSs3Is1W,1957,Female,TRUE
778,Fanning,Octavia,Octavia.Fanning@cbslocal.com,Mobile,86-(689)640-5437,yquzeVuIar,1955,Female,TRUE
779,Doughty,Obijulu,Obijulu.Doughty@blogs.com,Mobile,420-(439)903-8167,Z3R0u8DM3CJi,1943,Male,TRUE
780,Lydon,Corey,Corey.Lydon@nbcnews.com,Mobile,965-(657)311-7679,uL8nJa4,2004,Male,TRUE
781,Roche,Brady,Brady.Roche@zimbio.com,Mobile,7-(948)501-9236,hbLcVApW57,1950,Male,TRUE
782,Grady,Eibhlín,Eibhlín.Grady@godaddy.com,Mobile,380-(155)893-0664,SwHAhjA96so,1967,Female,TRUE
783,Lavery,Cian,Cian.Lavery@wix.com,Mobile,54-(660)102-7061,1Xk4FVExr,1982,Female,TRUE
784,Toomey,Ciaran,Ciaran.Toomey@statcounter.com,Mobile,55-(770)781-5356,tZcoxrCGOG,1961,Female,TRUE
785,Carrigan,Cassidy,Cassidy.Carrigan@tripod.com,Mobile,374-(765)715-8120,TGtvYY,1991,Male,TRUE
786,Gilchrist,Odyssey,Odyssey.Gilchrist@oakley.com,Mobile,962-(748)372-4454,t4Ryvys,1967,Female,TRUE
787,Gilchrist,Clodagh,Clodagh.Gilchrist@amazonaws.com,Mobile,1-(727)639-4522,tON8xhfu,1994,Female,TRUE
788,Leahy,Barry,Barry.Leahy@surveymonkey.com,Mobile,86-(825)989-1259,4VJhsQK,1959,Male,TRUE
789,Fee,Dwayne,Dwayne.Fee@oracle.com,Mobile,48-(991)862-9195,B3oGUP,1947,Female,TRUE
790,Scullion,Oceana,Oceana.Scullion@hostgator.com,Mobile,62-(858)559-9114,aPQQwB,1984,Female,TRUE
791,McClean,Eagan,Eagan.McClean@joomla.org,Mobile,675-(954)123-8756,nP22RdmED0ex,1992,Male,TRUE
792,Cleary,Eileen,Eileen.Cleary@free.fr,Mobile,62-(940)927-3310,cBGyU0WQz8,1979,Female,TRUE
793,Corrigan,Declan,Declan.Corrigan@princeton.edu,Mobile,386-(919)970-8964,Qm5fIEFFs4y,1959,Female,TRUE
794,Mullan,Doreen,Doreen.Mullan@blogtalkradio.com,Mobile,86-(445)900-8945,1OMfKNYk,1963,Female,TRUE
795,Neeson,Darby,Darby.Neeson@amazon.de,Mobile,86-(469)965-8449,PqKZwT,1981,Male,TRUE
796,Geoghegan,Desmond,Desmond.Geoghegan@state.tx.us,Mobile,86-(294)830-1649,Ezqcg4xKvxss,1960,Male,TRUE
797,Cavanagh,Odessa,Odessa.Cavanagh@omniture.com,Mobile,218-(601)694-1506,kiyruLCySA,1970,Female,TRUE
798,McCartney,Adyn,Adyn.McCartney@skyrock.com,Mobile,371-(330)783-8706,FuNur0tP0uJ,1948,Male,TRUE
799,Enright,Odyssey,Odyssey.Enright@slashdot.org,Mobile,33-(673)580-6535,yxDdJa6W0,1968,Female,TRUE
800,Morrissey,Blaine,Blaine.Morrissey@google.cn,Mobile,86-(775)171-8017,2LDgpHBme,1996,Female,TRUE
801,McDonagh,Casey,Casey.McDonagh@sciencedaily.com,Mobile,7-(874)431-3767,XFof0QL41,1969,Male,TRUE
802,Fitzsimmons,Bannon,Bannon.Fitzsimmons@infoseek.co.jp,Mobile,1-(703)176-0020,BQtw0n,1948,Female,TRUE
803,Fitzsimmons,Oisin,Oisin.Fitzsimmons@cdbaby.com,Mobile,55-(759)350-7459,a08I6JY,1953,Female,TRUE
804,Mulligan,Cormac,Cormac.Mulligan@mtv.com,Mobile,850-(963)328-1865,xsufAfD,1976,Male,TRUE
805,Killeen,Dacey,Dacey.Killeen@washingtonpost.com,Mobile,86-(546)449-9432,aLHhJHH,1967,Male,TRUE
806,McCourt,Deidre,Deidre.McCourt@ning.com,Mobile,86-(100)875-0180,3JrdU2Fy,1941,Male,TRUE
807,Lavery,Eileen,Eileen.Lavery@cornell.edu,Mobile,86-(420)337-3773,wBX8IRRy1Ze,1994,Female,TRUE
808,Dougan,Ciara,Ciara.Dougan@ifeng.com,Mobile,55-(532)114-3362,Oku4iau,1957,Male,TRUE
809,Fitzsimmons,Desmond,Desmond.Fitzsimmons@dailymotion.com,Mobile,63-(717)997-8619,AYw434r,1944,Female,TRUE
810,Lambe,Octavia,Octavia.Lambe@cornell.edu,Mobile,86-(531)743-5197,tYwemWTF,1950,Male,TRUE
811,Keane,Assumpta,Assumpta.Keane@freewebs.com,Mobile,66-(569)893-4028,gP6HaqUt,2003,Female,TRUE
812,Dougan,Corey,Corey.Dougan@phpbb.com,Mobile,7-(473)715-5593,T2tDdJQtd1W,1950,Male,TRUE
813,Maloney,Brianna,Brianna.Maloney@unc.edu,Mobile,380-(374)873-1536,DHmT98,1992,Male,TRUE
814,McKillop,Odele,Odele.McKillop@pen.io,Mobile,1-(223)512-7672,anmkjoAX1,1963,Male,TRUE
815,Mulvey,Odile,Odile.Mulvey@si.edu,Mobile,48-(296)863-1163,fxKbRPxk4mre,2000,Female,TRUE
816,Mullan,Oisin,Oisin.Mullan@reuters.com,Mobile,34-(527)123-5037,IfkR8uT6z,1956,Female,TRUE
817,Shannon,Eoghan Oakley,Eoghan Oakley.Shannon@census.gov,Mobile,352-(824)643-7523,b4EsB5w,1982,Female,TRUE
818,McGlinchey,Ogden,Ogden.McGlinchey@flavors.me,Mobile,7-(992)923-8765,RbuFzuYxc3,1959,Male,TRUE
819,Garvey,Eagan,Eagan.Garvey@oracle.com,Mobile,351-(705)303-4847,jO5cXDwk,1993,Female,TRUE
820,Fay,Desmond,Desmond.Fay@cbc.ca,Mobile,63-(635)688-8090,e0jXLeX0NW,1947,Female,TRUE
821,Scanlon,Enya,Enya.Scanlon@printfriendly.com,Mobile,381-(838)818-9786,XBBn7MlziaJL,1999,Male,TRUE
822,McAuley,Odessa,Odessa.McAuley@kickstarter.com,Mobile,86-(945)139-9257,m0K00R,1978,Female,TRUE
823,Finnegan,Cierra,Cierra.Finnegan@mysql.com,Mobile,63-(309)375-5436,ZjOOR62Bw,1986,Male,TRUE
824,Lydon,Doyle,Doyle.Lydon@hubpages.com,Mobile,351-(737)973-4824,st4xta,1957,Male,TRUE
825,Mulligan,Odele,Odele.Mulligan@howstuffworks.com,Mobile,86-(852)786-1057,xcw6NJIACP,1980,Male,TRUE
826,McCracken,Egan,Egan.McCracken@ifeng.com,Mobile,977-(393)175-3661,xzi3jW,1979,Female,TRUE
827,McGee,Darcy Darragh,Darcy Darragh.McGee@nyu.edu,Mobile,86-(557)704-6866,3suZM7EBvImv,1950,Male,TRUE
828,Kerrigan,Delaney,Delaney.Kerrigan@spotify.com,Mobile,47-(388)426-8398,mS5qxABX,2003,Female,TRUE
829,O'Neill,Dwayne,Dwayne.O'Neill@yolasite.com,Mobile,93-(896)399-6033,PLAGQ5,1959,Male,TRUE
830,McNulty,Casey,Casey.McNulty@unicef.org,Mobile,420-(336)664-8865,OsU9PdaQ4XX,1979,Male,TRUE
831,McGlinchey,Devin,Devin.McGlinchey@infoseek.co.jp,Mobile,62-(489)844-5593,0L5wnxByJ1aF,1948,Male,TRUE
832,McCracken,Octave,Octave.McCracken@marriott.com,Mobile,33-(899)103-1448,vNbYzy1xWv3x,1996,Female,TRUE
833,Hennessy,Clancy,Clancy.Hennessy@accuweather.com,Mobile,86-(754)875-6408,GPhdXlun,1998,Male,TRUE
834,Roche,Cian,Cian.Roche@chicagotribune.com,Mobile,81-(301)704-7642,8oxe7Nlj7m,1964,Male,TRUE
835,Cleary,Odina,Odina.Cleary@harvard.edu,Mobile,374-(688)261-3880,AZlJ7X,1965,Female,TRUE
836,Toner,Doreen,Doreen.Toner@latimes.com,Mobile,249-(980)553-8309,grljp8JJ,1979,Female,TRUE
837,McAuley,Darcy Darragh,Darcy Darragh.McAuley@sfgate.com,Mobile,52-(110)866-5826,Lxf1ip,1990,Male,TRUE
838,McConville,Doyle,Doyle.McConville@sogou.com,Mobile,48-(147)670-1091,mUn3iJtMuD,1945,Male,TRUE
839,Nugent,Devin,Devin.Nugent@1688.com,Mobile,48-(679)149-6590,WpzG9al,1973,Female,TRUE
840,Carrigan,Brady,Brady.Carrigan@is.gd,Mobile,86-(787)298-1429,sk23U8,1955,Female,TRUE
841,McQuillan,Obed,Obed.McQuillan@storify.com,Mobile,51-(795)960-2455,BtPLTpH4eO,1959,Female,TRUE
842,Gilchrist,Obadiah,Obadiah.Gilchrist@loc.gov,Mobile,86-(587)818-0391,xBXyeuPpqC21,1975,Male,TRUE
843,Hynes,Bannon,Bannon.Hynes@surveymonkey.com,Mobile,33-(524)620-5451,MoEu9wOnL9iY,2001,Female,TRUE
844,Trimble,Enya,Enya.Trimble@a8.net,Mobile,966-(265)249-7246,HyQ0ZMhW5,1963,Male,TRUE
845,McFall,Obadiah,Obadiah.McFall@usnews.com,Mobile,976-(874)780-3289,CDhNVzS612uB,1983,Male,TRUE
846,Kilpatrick,Oisin,Oisin.Kilpatrick@sitemeter.com,Mobile,7-(411)885-2815,tczxKj4pK,1964,Female,TRUE
847,Aiken,Octavia,Octavia.Aiken@utexas.edu,Mobile,86-(338)279-6808,D0bXutromlU,2004,Female,TRUE
848,McDowell,Dempsey,Dempsey.McDowell@de.vu,Mobile,507-(145)483-8726,eRA8rx7KVV4,1967,Female,TRUE
849,Crilly,Eibhlín,Eibhlín.Crilly@ucla.edu,Mobile,86-(852)192-4173,bSYYv0,1947,Female,TRUE
850,Connors,Oisin,Oisin.Connors@wp.com,Mobile,48-(497)626-0611,4V2CoHfVc,1945,Male,TRUE
851,McMenamin,Egan,Egan.McMenamin@reuters.com,Mobile,48-(430)506-6022,7PUmkFeuq,1944,Male,TRUE
852,McCartney,Obijulu,Obijulu.McCartney@deliciousdays.com,Mobile,62-(612)981-2867,oOBHCUQ4fC5w,1942,Female,TRUE
853,McGuinness,Dwayne,Dwayne.McGuinness@gravatar.com,Mobile,57-(993)181-6480,35iM7IkNpqsU,2003,Male,TRUE
854,Lavery,Colleen,Colleen.Lavery@globo.com,Mobile,63-(591)160-9068,Wmclv47,2003,Female,TRUE
855,Kinsella,Assumpta,Assumpta.Kinsella@wp.com,Mobile,48-(500)823-8228,5uGUaQT,1946,Female,TRUE
856,McCracken,Blaine,Blaine.McCracken@mysql.com,Mobile,7-(946)245-6094,3RJaLhfPKM,1984,Female,TRUE
857,Crooks,Darby,Darby.Crooks@ox.ac.uk,Mobile,62-(107)852-2264,lygqdhGOviaD,1999,Male,TRUE
858,McCloskey,Ciara,Ciara.McCloskey@zdnet.com,Mobile,234-(629)469-6992,1jaqMlkcr,1982,Female,TRUE
859,McMullen,Octavia,Octavia.McMullen@slashdot.org,Mobile,62-(914)809-2986,LjSCe0JsBDY,1985,Male,TRUE
860,Toomey,Callahan Case,Callahan Case.Toomey@comcast.net,Mobile,967-(357)493-2590,t6qxVR0,1950,Male,TRUE
861,Hynes,Ashlynn,Ashlynn.Hynes@naver.com,Mobile,234-(823)412-7490,Z6U5bbQG,1959,Female,TRUE
862,O'Donnell,Awnan,Awnan.O'Donnell@devhub.com,Mobile,48-(788)419-5029,hdEMtH7,1990,Female,TRUE
863,Dougan,Obadiah,Obadiah.Dougan@netvibes.com,Mobile,51-(494)477-8250,NhQmAWm1rP,2002,Male,TRUE
864,Hanrahan,Bryden,Bryden.Hanrahan@reddit.com,Mobile,371-(908)909-9555,ZoYofy,1983,Male,TRUE
865,Tweed,Darby,Darby.Tweed@joomla.org,Mobile,62-(579)176-8302,LdWmqZ,1956,Female,TRUE
866,McConville,Eagan,Eagan.McConville@hp.com,Mobile,48-(815)401-5369,ozC7Wc8F,1999,Male,TRUE
867,Neill,Oksana,Oksana.Neill@google.com,Mobile,375-(600)138-3286,2Uk8TDC,1992,Male,TRUE
868,Curtin,Corey,Corey.Curtin@prlog.org,Mobile,62-(493)986-1346,zend4LLz,1980,Female,TRUE
869,Mulligan,Declan,Declan.Mulligan@blog.com,Mobile,46-(787)854-8527,hgFcpRy,1991,Male,TRUE
870,Nugent,Aislinn,Aislinn.Nugent@alibaba.com,Mobile,86-(407)837-4544,5B94cajCSVpW,1964,Female,TRUE
871,Keane,Doreen,Doreen.Keane@ftc.gov,Mobile,46-(689)823-1991,KNJcaUgYi,1986,Female,TRUE
872,Leahy,Bryden,Bryden.Leahy@cdc.gov,Mobile,48-(476)738-8570,7xwi8YdN6GnE,1956,Male,TRUE
873,Gilfillan,Clodagh,Clodagh.Gilfillan@cafepress.com,Mobile,92-(533)341-7523,ImzmZztKmGJ,1998,Female,TRUE
874,Caffrey,Eamon,Eamon.Caffrey@reuters.com,Mobile,242-(853)143-9526,agQ96W0rQ,1971,Male,TRUE
875,Mulvey,Dermot,Dermot.Mulvey@dion.ne.jp,Mobile,225-(236)986-1588,13vdYBFabuke,1949,Male,TRUE
876,O'Neill,Ailbhe,Ailbhe.O'Neill@constantcontact.com,Mobile,856-(396)907-8667,WvwMetasQrVO,1950,Male,TRUE
877,McClean,Ciara,Ciara.McClean@geocities.com,Mobile,62-(345)596-5385,N375Cpsk,1940,Male,TRUE
878,Mahoney,Ailbhe,Ailbhe.Mahoney@artisteer.com,Mobile,7-(234)379-6443,OlkFIIqSmm,1945,Female,TRUE
879,McCafferty,Oisin,Oisin.McCafferty@typepad.com,Mobile,62-(396)385-8980,2wcaANjQBts,1991,Male,TRUE
880,Hannigan,Awnan,Awnan.Hannigan@howstuffworks.com,Mobile,33-(400)181-6644,iHT2pvFuIgWF,2001,Male,TRUE
881,Cleary,Bryden,Bryden.Cleary@mediafire.com,Mobile,62-(673)120-3269,RZdc8eY7y7nB,1975,Male,TRUE
882,Gormley,Brady,Brady.Gormley@google.com.au,Mobile,595-(766)944-3557,I5LApSU,1956,Female,TRUE
883,Brogan,Odele,Odele.Brogan@free.fr,Mobile,886-(858)404-7920,z7kV5Nbj5,1963,Female,TRUE
884,Curtin,Obijulu,Obijulu.Curtin@digg.com,Mobile,380-(145)363-9050,QVJ5EX,1943,Male,TRUE
885,Murdock,Doyle,Doyle.Murdock@phoca.cz,Mobile,507-(462)972-0760,ZdRGB2IEJskV,1969,Male,TRUE
886,Shannon,Eibhlín,Eibhlín.Shannon@tuttocitta.it,Mobile,86-(162)491-3048,naus3F11,1948,Female,TRUE
887,Carney,Declan,Declan.Carney@umich.edu,Mobile,57-(998)558-4957,ZVFCMNgl,1960,Male,TRUE
888,Loughran,Adyn,Adyn.Loughran@liveinternet.ru,Mobile,374-(332)612-9644,3CDPmDo,2005,Male,TRUE
889,Cahill,Odette,Odette.Cahill@mozilla.org,Mobile,7-(333)484-5751,kLQW7fepW,1947,Female,TRUE
890,Gilfillan,Colleen,Colleen.Gilfillan@vk.com,Mobile,380-(780)494-7683,6VnDiaZgLG,1973,Female,TRUE
891,Scully,Cian,Cian.Scully@about.com,Mobile,352-(135)943-0832,er4uT5W1BLtc,1990,Female,TRUE
892,Lawlor,Odessa,Odessa.Lawlor@netvibes.com,Mobile,240-(951)393-0473,zzcLKX,1966,Female,TRUE
893,Galvin,Odessa,Odessa.Galvin@blogtalkradio.com,Mobile,62-(756)971-9216,bnH1wXqo0F,1989,Female,TRUE
894,McNulty,Egan,Egan.McNulty@shareasale.com,Mobile,351-(357)694-2622,LHg0qc15j9,1972,Male,TRUE
895,Keating,Elva,Elva.Keating@tinypic.com,Mobile,420-(226)767-7987,8MEgOe,2005,Male,TRUE
896,McClean,Oisin,Oisin.McClean@e-recht24.de,Mobile,86-(242)644-9770,NeIg148ROJkC,1995,Male,TRUE
897,Kilgour,Brianna,Brianna.Kilgour@woothemes.com,Mobile,375-(257)291-5365,HJ25WmI65,2003,Male,TRUE
898,McGovern,Cian,Cian.McGovern@phpbb.com,Mobile,356-(722)776-8326,yhRhiGj,1968,Female,TRUE
899,Carney,Deidre,Deidre.Carney@tinypic.com,Mobile,33-(571)950-2768,J8H57F9qQP,2003,Female,TRUE
900,Toomey,Ogden,Ogden.Toomey@salon.com,Mobile,54-(932)851-0716,147dCWkD02n,1989,Male,TRUE
901,Magill,Declan,Declan.Magill@etsy.com,Mobile,358-(170)148-8536,Hlm5L9pEd25f,1981,Female,TRUE
902,McSweeney,Connor,Connor.McSweeney@issuu.com,Mobile,62-(593)485-4454,gAG8rTMoAUEt,1972,Male,TRUE
903,Hamill,Declan,Declan.Hamill@bluehost.com,Mobile,81-(213)609-9477,MVV339lA,1996,Male,TRUE
904,McMullan,Calhoun,Calhoun.McMullan@artisteer.com,Mobile,57-(454)820-4845,0KjzXHudBPJJ,1998,Female,TRUE
905,Ahern,Desmond,Desmond.Ahern@thetimes.co.uk,Mobile,261-(664)576-4267,NV53V8i3Yl,1973,Male,TRUE
906,McCullough,Colleen,Colleen.McCullough@yahoo.com,Mobile,1-(781)455-8058,XK07Dub,1968,Female,TRUE
907,Mahoney,Cagney,Cagney.Mahoney@google.de,Mobile,62-(839)651-4595,KsDVGkpWeg4,1971,Male,TRUE
908,Killeen,Bridget,Bridget.Killeen@etsy.com,Mobile,86-(934)688-2462,08IUTpVuVo,1964,Female,TRUE
909,Garvey,Obijulu,Obijulu.Garvey@youku.com,Mobile,351-(935)565-4710,f2pRmO7Drj,1976,Female,TRUE
910,Keating,Odile,Odile.Keating@paypal.com,Mobile,420-(644)451-9870,1mjEU4,2000,Female,TRUE
911,Bergin,Delaney,Delaney.Bergin@sphinn.com,Mobile,62-(345)447-6709,dEDiJWT8oI0e,1962,Female,TRUE
912,Morrow,Oberon,Oberon.Morrow@goodreads.com,Mobile,355-(397)777-2180,1cuQZrcgA0bb,1975,Male,TRUE
913,Scully,Ashlynn,Ashlynn.Scully@vimeo.com,Mobile,62-(422)249-6694,6iBdSV,1997,Male,TRUE
914,Enright,Oisin,Oisin.Enright@ebay.co.uk,Mobile,7-(567)737-3924,nVd8F97PeES,1957,Male,TRUE
915,McNulty,Corey,Corey.McNulty@techcrunch.com,Mobile,7-(542)443-2365,otJqVCYh,1998,Male,TRUE
916,Garvey,Beckett,Beckett.Garvey@feedburner.com,Mobile,86-(131)726-2210,EPCJkYywR,1975,Female,TRUE
917,Scullion,Brady,Brady.Scullion@yahoo.co.jp,Mobile,51-(412)394-2218,CPo5QoUDg7Xc,1998,Female,TRUE
918,Aiken,Obed,Obed.Aiken@businessweek.com,Mobile,351-(892)430-6585,nQIlUR60,1946,Female,TRUE
919,Brogan,Obijulu,Obijulu.Brogan@ifeng.com,Mobile,62-(808)839-7258,M4OrsJlQYLyw,1958,Female,TRUE
920,McNamara,Cathleen,Cathleen.McNamara@vkontakte.ru,Mobile,386-(998)483-8232,MDsNrku4B,1963,Male,TRUE
921,McKillop,Delaney,Delaney.McKillop@wufoo.com,Mobile,48-(228)552-3413,cTbbjl,1970,Female,TRUE
922,McParland,Declan,Declan.McParland@wix.com,Mobile,55-(424)932-1220,WiQNZPveuY,1946,Male,TRUE
923,Magill,Bridget,Bridget.Magill@rediff.com,Mobile,7-(183)125-9087,QCk0ucj,1978,Female,TRUE
924,Tweed,Bryden,Bryden.Tweed@topsy.com,Mobile,7-(390)536-8147,WOB5YRHg,1992,Female,TRUE
925,McCullough,Enya,Enya.McCullough@amazon.com,Mobile,58-(462)871-0439,MMoxUEdBJQ0d,2001,Female,TRUE
926,Morrow,Devyn,Devyn.Morrow@vk.com,Mobile,261-(632)776-4125,JP7c4tkyONrg,2002,Female,TRUE
927,Neeson,Ciara,Ciara.Neeson@princeton.edu,Mobile,98-(283)726-3915,HkH0Q5Lgc,1993,Female,TRUE
928,Roche,Coby,Coby.Roche@php.net,Mobile,95-(877)509-8248,pL7I96gOa7y1,1966,Male,TRUE
929,O'Neill,Doyle,Doyle.O'Neill@amazonaws.com,Mobile,220-(994)127-1427,0CIJGm3rii,1961,Male,TRUE
930,Enright,Cian,Cian.Enright@ask.com,Mobile,351-(177)874-2910,6vOqUAZ4v,1990,Female,TRUE
931,Colgan,Awnan,Awnan.Colgan@issuu.com,Mobile,355-(237)572-4256,WQGABL,1974,Female,TRUE
932,Mulligan,Brea,Brea.Mulligan@businesswire.com,Mobile,55-(549)500-4194,zHdgK0BW5kl,1945,Female,TRUE
933,Lambe,Daire,Daire.Lambe@china.com.cn,Mobile,62-(466)266-9063,afQB3yALW,1982,Male,TRUE
934,Lydon,Assumpta,Assumpta.Lydon@elpais.com,Mobile,93-(183)899-1279,Dhe0RSH,1977,Male,TRUE
935,Enright,Ciara,Ciara.Enright@wix.com,Mobile,47-(103)757-7060,lxpfTH7yXBlB,1999,Female,TRUE
936,McCartan,Coby,Coby.McCartan@prnewswire.com,Mobile,358-(794)117-9443,yXXBGI,1962,Male,TRUE
937,Riordan,Oda,Oda.Riordan@si.edu,Mobile,7-(938)140-1629,i0A4Cc,1994,Male,TRUE
938,Carrigan,Dwayne,Dwayne.Carrigan@ifeng.com,Mobile,1-(967)750-1187,otwMzl,1997,Female,TRUE
939,Harkin,Cassidy,Cassidy.Harkin@issuu.com,Mobile,263-(557)747-3842,wfB5S9cfq8p,1940,Male,TRUE
940,McGovern,Dacey,Dacey.McGovern@loc.gov,Mobile,63-(561)258-4528,CUnFCs2n9Jmu,1963,Female,TRUE
941,Murdock,Cagney,Cagney.Murdock@spotify.com,Mobile,372-(506)415-0153,kdGRhB,1973,Male,TRUE
942,Quigley,Obed,Obed.Quigley@google.it,Mobile,266-(147)237-0604,9WOTIs,1995,Male,TRUE
943,Keane,Eibhlín,Eibhlín.Keane@hugedomains.com,Mobile,86-(710)166-6945,KXLYTgIO,2000,Female,TRUE
944,Harte,Dermot,Dermot.Harte@networkadvertising.org,Mobile,374-(248)929-0030,gccmdIqKyaU0,1965,Male,TRUE
945,Cronin,Devin,Devin.Cronin@weather.com,Mobile,380-(372)311-5041,3fl7qVXHwye,1958,Male,TRUE
946,Dougan,Obadiah,Obadiah.Dougan@dedecms.com,Mobile,55-(111)791-5825,aUZAU2q5Bq,1942,Male,TRUE
947,Toole,Coby,Coby.Toole@odnoklassniki.ru,Mobile,353-(273)566-5912,ouvVlJDzy,1980,Female,TRUE
948,Scanlon,Declan,Declan.Scanlon@people.com.cn,Mobile,62-(253)280-5319,3guoqkptQ,1946,Male,TRUE
949,Lydon,Cathleen,Cathleen.Lydon@bloglines.com,Mobile,385-(123)547-7318,IcJq7hLD42,1946,Female,TRUE
950,Lennon,Eileen,Eileen.Lennon@techcrunch.com,Mobile,20-(719)106-8340,Nw0xxKxpU,1998,Male,TRUE
951,Keane,Deidre,Deidre.Keane@latimes.com,Mobile,595-(278)384-2082,NHG6XFmn5N,1985,Male,TRUE
952,McGovern,Octave,Octave.McGovern@google.cn,Mobile,52-(609)949-9550,X78OIiksXBE,1963,Female,TRUE
953,Lawlor,Odyssey,Odyssey.Lawlor@epa.gov,Mobile,353-(645)645-7637,Ylgz0KmA,1967,Female,TRUE
954,McGee,Ogden,Ogden.McGee@japanpost.jp,Mobile,1-(276)856-0394,r0LHxE7fzh,1978,Female,TRUE
955,McCullough,Obed,Obed.McCullough@state.gov,Mobile,385-(777)956-7817,QvzEKXuw,1944,Male,TRUE
956,Phelan,Calhoun,Calhoun.Phelan@theatlantic.com,Mobile,62-(870)313-1101,oeG7acIzt,1955,Male,TRUE
957,McGlinchey,Casey,Casey.McGlinchey@yolasite.com,Mobile,63-(853)302-8124,iOwHqtwE20,1952,Male,TRUE
958,Hanrahan,Awnan,Awnan.Hanrahan@java.com,Mobile,351-(935)702-5428,ZGyBkDh36uS,1942,Male,TRUE
959,Ahern,Aislinn,Aislinn.Ahern@meetup.com,Mobile,380-(674)758-6651,3IGrCoAoI1t,1977,Female,TRUE
960,McHale,Declan,Declan.McHale@bloglines.com,Mobile,57-(104)222-2032,CZyu23Nfis,1970,Male,TRUE
961,Fanning,Cierra,Cierra.Fanning@reference.com,Mobile,84-(622)457-7421,2VQ4A5TOM,1986,Male,TRUE
962,Mulvey,Doyle,Doyle.Mulvey@163.com,Mobile,380-(739)112-8543,1fN1LJzhhV,1959,Female,TRUE
963,Leahy,Awnan,Awnan.Leahy@redcross.org,Mobile,63-(712)346-5159,9VmwaQftYoQC,1989,Male,TRUE
964,Finn,Oisin,Oisin.Finn@ebay.co.uk,Mobile,63-(471)369-6453,7f7GovLvi,1961,Male,TRUE
965,Mannion,Deidre,Deidre.Mannion@qq.com,Mobile,63-(428)223-7394,COtw8Cyr,1976,Male,TRUE
966,Hamill,Ashlynn,Ashlynn.Hamill@virginia.edu,Mobile,507-(470)687-7077,yd0zj9,2002,Female,TRUE
967,McConville,Eagan,Eagan.McConville@google.it,Mobile,86-(829)209-3909,yox90Q9FqBo,1968,Male,TRUE
968,Stack,Oisin,Oisin.Stack@whitehouse.gov,Mobile,32-(917)684-2574,eR2Djldx4Op,1962,Male,TRUE
969,Kerrigan,Oberon,Oberon.Kerrigan@ebay.com,Mobile,63-(331)397-5735,wXRaDu,1953,Male,TRUE
970,Connors,Ciaran,Ciaran.Connors@shinystat.com,Mobile,86-(427)944-4646,ywgceGOMBN,1983,Female,TRUE
971,McAleese,Blaine,Blaine.McAleese@archive.org,Mobile,62-(792)691-7987,eR3WKz,1945,Male,TRUE
972,Fanning,Doreen,Doreen.Fanning@e-recht24.de,Mobile,86-(971)728-2930,aujX3vYavmLw,1963,Male,TRUE
973,Caffrey,Blaine,Blaine.Caffrey@nba.com,Mobile,62-(649)115-4878,nFhD9Q,1972,Male,TRUE
974,Doughty,Odele,Odele.Doughty@mail.ru,Mobile,224-(629)851-7429,U2IC1qNMBv,1953,Female,TRUE
975,Mahoney,Corey,Corey.Mahoney@gravatar.com,Mobile,62-(651)660-0212,RWLInh,1969,Male,TRUE
976,McParland,Doreen,Doreen.McParland@instagram.com,Mobile,57-(244)209-2485,25bVMCuQnTSz,2001,Female,TRUE
977,McCartan,Oksana,Oksana.McCartan@hhs.gov,Mobile,383-(995)943-6236,C9kODnn,1991,Male,TRUE
978,McKillop,Cierra,Cierra.McKillop@nbcnews.com,Mobile,7-(986)311-5768,NmvP1b,1962,Female,TRUE
979,Ahern,Cierra,Cierra.Ahern@china.com.cn,Mobile,62-(225)195-5992,8DxGze,1963,Female,TRUE
980,Mannion,Odessa,Odessa.Mannion@opera.com,Mobile,63-(781)976-8428,tMQaZ7OIsB,1997,Female,TRUE
981,Toomey,Obed,Obed.Toomey@blinklist.com,Mobile,62-(585)830-4635,bDO2KnlD2QMt,1998,Female,TRUE
982,Mulholland,Dacey,Dacey.Mulholland@php.net,Mobile,47-(666)140-3968,NQwORhsG,1966,Male,TRUE
983,McAuley,Awnan,Awnan.McAuley@plala.or.jp,Mobile,7-(992)672-3282,MFyYixc,1963,Male,TRUE
984,Hannigan,Cagney,Cagney.Hannigan@w3.org,Mobile,86-(181)942-1268,wtGx9c,1985,Female,TRUE
985,Lennon,Art,Art.Lennon@oracle.com,Mobile,81-(114)623-2424,cdEL2CdSZbg2,1994,Female,TRUE
986,Gleeson,Odette,Odette.Gleeson@livejournal.com,Mobile,352-(736)451-4009,3AEAuV7U2hLL,2005,Male,TRUE
987,McColgan,Eamon,Eamon.McColgan@themeforest.net,Mobile,86-(273)348-6695,7qLfB2JupwD,1985,Female,TRUE
988,McCourt,Darcy Darragh,Darcy Darragh.McCourt@smugmug.com,Mobile,1-(984)391-8317,1JryXGQMo,1994,Male,TRUE
989,Nugent,Casey,Casey.Nugent@vinaora.com,Mobile,48-(723)615-7172,5sxUu8Q03Q,1963,Male,TRUE
990,Connors,Delaney,Delaney.Connors@engadget.com,Mobile,52-(224)746-0023,05PEgCYZ,2001,Male,TRUE
991,Cleary,Dwayne,Dwayne.Cleary@weebly.com,Mobile,256-(983)785-1985,ZE3PJbd,1981,Male,TRUE
992,McCloskey,Devyn,Devyn.McCloskey@dion.ne.jp,Mobile,1-(532)123-8134,fNsuPESH,1978,Female,TRUE
993,Keating,Octave,Octave.Keating@lulu.com,Mobile,7-(125)517-6472,01bQ09LXk,1996,Female,TRUE
994,McNamara,Connell,Connell.McNamara@mashable.com,Mobile,63-(321)198-5415,MYXBv5,1951,Female,TRUE
995,Harte,Darby,Darby.Harte@nba.com,Mobile,86-(535)819-2956,8wTT4e,2002,Female,TRUE
996,Loughran,Brady,Brady.Loughran@furl.net,Mobile,1-(480)906-6940,0bzXQffB,1942,Male,TRUE
997,Cleary,Assumpta,Assumpta.Cleary@printfriendly.com,Mobile,7-(727)832-0179,lgRyYNy,1968,Male,TRUE
998,Kinsella,Connor,Connor.Kinsella@oracle.com,Mobile,86-(210)178-7849,07bayOD7f,1991,Male,TRUE
999,Trimble,Oda,Oda.Trimble@tinyurl.com,Mobile,33-(814)902-7328,TGoN2Br,1991,Female,TRUE
1000,McCartney,Octavia,Octavia.McCartney@cdbaby.com,Mobile,380-(247)642-7141,SJXwnVtf,1984,Female,TRUE
